image_id,xai_method,baseline,curve,auc,target_class,fractions,probabilities,actual_backend
0008c7920d2314716b18aeec794b9c660038f09d999037db881935ca9307d92f,gradcam,mean,deletion,0.7052629292011261,1,"[0.0, 0.1, 0.2, 0.30000000000000004, 0.4, 0.5, 0.6000000000000001, 0.7000000000000001, 0.8, 0.9, 1.0]","[0.9995126724243164, 0.9392760992050171, 0.26246508955955505, 0.3678785264492035, 0.28104957938194275, 0.9458061456680298, 0.8751471042633057, 0.5645104646682739, 0.8307185769081116, 0.9860244393348694, 0.9999938011169434]",cuda
0008c7920d2314716b18aeec794b9c660038f09d999037db881935ca9307d92f,gradcam,mean,insertion,0.9975685834884643,1,"[0.0, 0.1, 0.2, 0.30000000000000004, 0.4, 0.5, 0.6000000000000001, 0.7000000000000001, 0.8, 0.9, 1.0]","[0.9999938011169434, 0.9966139197349548, 0.9993566870689392, 0.9994532465934753, 0.9925746917724609, 0.9984121322631836, 0.9913995265960693, 0.9984400868415833, 0.9998435974121094, 0.9998387098312378, 0.9995126724243164]",cuda
0008c7920d2314716b18aeec794b9c660038f09d999037db881935ca9307d92f,gradcam,blur,deletion,0.577046447247267,1,"[0.0, 0.1, 0.2, 0.30000000000000004, 0.4, 0.5, 0.6000000000000001, 0.7000000000000001, 0.8, 0.9, 1.0]","[0.9995126724243164, 0.9710493683815002, 0.9059603810310364, 0.8732953667640686, 0.8287391066551208, 0.6282732486724854, 0.5705275535583496, 0.07933998107910156, 0.09885372966527939, 0.08392613381147385, 0.4614865481853485]",cuda
0008c7920d2314716b18aeec794b9c660038f09d999037db881935ca9307d92f,gradcam,blur,insertion,0.9460884213447571,1,"[0.0, 0.1, 0.2, 0.30000000000000004, 0.4, 0.5, 0.6000000000000001, 0.7000000000000001, 0.8, 0.9, 1.0]","[0.4614865481853485, 0.9204204678535461, 0.8411818742752075, 0.9849761128425598, 0.9903585314750671, 0.9960131645202637, 0.9991176724433899, 0.999259889125824, 0.9995682835578918, 0.9994885921478271, 0.9995126724243164]",cuda
0008c7920d2314716b18aeec794b9c660038f09d999037db881935ca9307d92f,integrated_gradients,mean,deletion,0.5245938561856746,1,"[0.0, 0.1, 0.2, 0.30000000000000004, 0.4, 0.5, 0.6000000000000001, 0.7000000000000001, 0.8, 0.9, 1.0]","[0.9995126724243164, 0.6106354594230652, 0.1729547381401062, 0.014310222119092941, 0.018945535644888878, 0.34862151741981506, 0.23838214576244354, 0.8621212840080261, 0.9804141521453857, 0.9998002648353577, 0.9999938011169434]",cuda
0008c7920d2314716b18aeec794b9c660038f09d999037db881935ca9307d92f,integrated_gradients,mean,insertion,0.7411860883235932,1,"[0.0, 0.1, 0.2, 0.30000000000000004, 0.4, 0.5, 0.6000000000000001, 0.7000000000000001, 0.8, 0.9, 1.0]","[0.9999938011169434, 0.9463669657707214, 0.9989446997642517, 0.9972934126853943, 0.9737333059310913, 0.7222850322723389, 0.6687482595443726, 0.1225658506155014, 0.06904783099889755, 0.913122296333313, 0.9995126724243164]",cuda
0008c7920d2314716b18aeec794b9c660038f09d999037db881935ca9307d92f,integrated_gradients,blur,deletion,0.4476742647588253,1,"[0.0, 0.1, 0.2, 0.30000000000000004, 0.4, 0.5, 0.6000000000000001, 0.7000000000000001, 0.8, 0.9, 1.0]","[0.9995126724243164, 0.9981573224067688, 0.9869576692581177, 0.825444757938385, 0.2998722791671753, 0.3438159227371216, 0.12394529581069946, 0.06606897711753845, 0.01558520458638668, 0.08639556169509888, 0.4614865481853485]",cuda
0008c7920d2314716b18aeec794b9c660038f09d999037db881935ca9307d92f,integrated_gradients,blur,insertion,0.8923112452030182,1,"[0.0, 0.1, 0.2, 0.30000000000000004, 0.4, 0.5, 0.6000000000000001, 0.7000000000000001, 0.8, 0.9, 1.0]","[0.4614865481853485, 0.7844613790512085, 0.8807054162025452, 0.9733570218086243, 0.9598461389541626, 0.7548065185546875, 0.8481367230415344, 0.9922835230827332, 0.9998321533203125, 0.9991838335990906, 0.9995126724243164]",cuda
0032224fe8c451bc550a770014e66ba230c13fdeb587583721b2b9701600973d,gradcam,mean,deletion,0.7326196178793908,0,"[0.0, 0.1, 0.2, 0.30000000000000004, 0.4, 0.5, 0.6000000000000001, 0.7000000000000001, 0.8, 0.9, 1.0]","[0.7650728225708008, 0.9930932521820068, 0.9774848818778992, 0.9988390803337097, 0.9990697503089905, 0.9957420229911804, 0.8772391080856323, 0.7535416483879089, 0.22642208635807037, 0.07638665288686752, 0.09168265759944916]",cuda
0032224fe8c451bc550a770014e66ba230c13fdeb587583721b2b9701600973d,gradcam,mean,insertion,0.9019830405712128,0,"[0.0, 0.1, 0.2, 0.30000000000000004, 0.4, 0.5, 0.6000000000000001, 0.7000000000000001, 0.8, 0.9, 1.0]","[0.09168265759944916, 0.9483516216278076, 0.859309732913971, 0.9004755616188049, 0.9479148983955383, 0.9407004714012146, 0.9993844032287598, 0.998943030834198, 0.9983199238777161, 0.9980529546737671, 0.7650728225708008]",cuda
0032224fe8c451bc550a770014e66ba230c13fdeb587583721b2b9701600973d,gradcam,blur,deletion,0.9148288786411285,0,"[0.0, 0.1, 0.2, 0.30000000000000004, 0.4, 0.5, 0.6000000000000001, 0.7000000000000001, 0.8, 0.9, 1.0]","[0.7650728225708008, 0.8682922720909119, 0.9945043325424194, 0.9955683350563049, 0.9661644697189331, 0.9712905287742615, 0.9926788806915283, 0.8568136096000671, 0.9026265144348145, 0.9818056225776672, 0.4720154106616974]",cuda
0032224fe8c451bc550a770014e66ba230c13fdeb587583721b2b9701600973d,gradcam,blur,insertion,0.9508179068565368,0,"[0.0, 0.1, 0.2, 0.30000000000000004, 0.4, 0.5, 0.6000000000000001, 0.7000000000000001, 0.8, 0.9, 1.0]","[0.4720154106616974, 0.9526002407073975, 0.9997684359550476, 0.9999864101409912, 0.9999585151672363, 0.999123752117157, 0.9934754967689514, 0.9891791343688965, 0.9641659259796143, 0.9913769960403442, 0.7650728225708008]",cuda
0032224fe8c451bc550a770014e66ba230c13fdeb587583721b2b9701600973d,integrated_gradients,mean,deletion,0.8321213692426681,0,"[0.0, 0.1, 0.2, 0.30000000000000004, 0.4, 0.5, 0.6000000000000001, 0.7000000000000001, 0.8, 0.9, 1.0]","[0.7650728225708008, 0.8258162140846252, 0.9971100687980652, 0.9921528697013855, 0.9997827410697937, 0.9958814382553101, 0.9659515023231506, 0.9251649975776672, 0.9685226678848267, 0.22245341539382935, 0.09168265759944916]",cuda
0032224fe8c451bc550a770014e66ba230c13fdeb587583721b2b9701600973d,integrated_gradients,mean,insertion,0.844941720366478,0,"[0.0, 0.1, 0.2, 0.30000000000000004, 0.4, 0.5, 0.6000000000000001, 0.7000000000000001, 0.8, 0.9, 1.0]","[0.09168265759944916, 0.8739424347877502, 0.2568376660346985, 0.9080729484558105, 0.9966548681259155, 0.9996941089630127, 0.9997044205665588, 0.9987958669662476, 0.9944220185279846, 0.992915153503418, 0.7650728225708008]",cuda
0032224fe8c451bc550a770014e66ba230c13fdeb587583721b2b9701600973d,integrated_gradients,blur,deletion,0.9244074881076813,0,"[0.0, 0.1, 0.2, 0.30000000000000004, 0.4, 0.5, 0.6000000000000001, 0.7000000000000001, 0.8, 0.9, 1.0]","[0.7650728225708008, 0.7546096444129944, 0.9723767638206482, 0.978340208530426, 0.9967659711837769, 0.9973104000091553, 0.9932084679603577, 0.9893457293510437, 0.989386796951294, 0.9541867971420288, 0.4720154106616974]",cuda
0032224fe8c451bc550a770014e66ba230c13fdeb587583721b2b9701600973d,integrated_gradients,blur,insertion,0.9336971461772918,0,"[0.0, 0.1, 0.2, 0.30000000000000004, 0.4, 0.5, 0.6000000000000001, 0.7000000000000001, 0.8, 0.9, 1.0]","[0.4720154106616974, 0.972919225692749, 0.9725115895271301, 0.9708530306816101, 0.9976916313171387, 0.999824583530426, 0.9998155236244202, 0.9977438449859619, 0.9763484001159668, 0.8307195901870728, 0.7650728225708008]",cuda
003f749ca95fcdc13c9bab7dd99d14ab25e5b2ab18e3444ec72e68dcc6531bde,gradcam,mean,deletion,0.3820641497150064,0,"[0.0, 0.1, 0.2, 0.30000000000000004, 0.4, 0.5, 0.6000000000000001, 0.7000000000000001, 0.8, 0.9, 1.0]","[0.9478458166122437, 0.950617790222168, 0.9185330867767334, 0.4920765459537506, 0.3999198079109192, 0.043982718139886856, 0.025070827454328537, 0.008036532439291477, 0.15907275676727295, 0.037804994732141495, 0.6232070326805115]",cuda
003f749ca95fcdc13c9bab7dd99d14ab25e5b2ab18e3444ec72e68dcc6531bde,gradcam,mean,insertion,0.8527921974658966,0,"[0.0, 0.1, 0.2, 0.30000000000000004, 0.4, 0.5, 0.6000000000000001, 0.7000000000000001, 0.8, 0.9, 1.0]","[0.6232070326805115, 0.5871161222457886, 0.8738216161727905, 0.6021655797958374, 0.9366838335990906, 0.8136661052703857, 0.9944384098052979, 0.9664145708084106, 0.9763093590736389, 0.9917799830436707, 0.9478458166122437]",cuda
003f749ca95fcdc13c9bab7dd99d14ab25e5b2ab18e3444ec72e68dcc6531bde,gradcam,blur,deletion,0.7455550920218229,0,"[0.0, 0.1, 0.2, 0.30000000000000004, 0.4, 0.5, 0.6000000000000001, 0.7000000000000001, 0.8, 0.9, 1.0]","[0.9478458166122437, 0.9252569675445557, 0.9829463958740234, 0.9775625467300415, 0.9953384399414062, 0.9759799242019653, 0.5408998727798462, 0.8270601630210876, 0.6874796748161316, 0.021695435047149658, 0.09481724351644516]",cuda
003f749ca95fcdc13c9bab7dd99d14ab25e5b2ab18e3444ec72e68dcc6531bde,gradcam,blur,insertion,0.9280656307935715,0,"[0.0, 0.1, 0.2, 0.30000000000000004, 0.4, 0.5, 0.6000000000000001, 0.7000000000000001, 0.8, 0.9, 1.0]","[0.09481724351644516, 0.8337216377258301, 0.9980091452598572, 0.9940301179885864, 0.994401752948761, 0.9983304142951965, 0.9989020824432373, 0.9973344802856445, 0.9875974059104919, 0.9569976925849915, 0.9478458166122437]",cuda
003f749ca95fcdc13c9bab7dd99d14ab25e5b2ab18e3444ec72e68dcc6531bde,integrated_gradients,mean,deletion,0.8245984464883804,0,"[0.0, 0.1, 0.2, 0.30000000000000004, 0.4, 0.5, 0.6000000000000001, 0.7000000000000001, 0.8, 0.9, 1.0]","[0.9478458166122437, 0.9822362661361694, 0.9979416728019714, 0.9789707064628601, 0.9892306923866272, 0.9946355223655701, 0.9915122389793396, 0.6670627593994141, 0.4836004972457886, 0.3752676844596863, 0.6232070326805115]",cuda
003f749ca95fcdc13c9bab7dd99d14ab25e5b2ab18e3444ec72e68dcc6531bde,integrated_gradients,mean,insertion,0.6027756630559452,0,"[0.0, 0.1, 0.2, 0.30000000000000004, 0.4, 0.5, 0.6000000000000001, 0.7000000000000001, 0.8, 0.9, 1.0]","[0.6232070326805115, 0.0008141176076605916, 0.0008318332838825881, 0.1311822384595871, 0.22294440865516663, 0.8880929350852966, 0.9992475509643555, 0.9997734427452087, 0.9996634721755981, 0.9996801614761353, 0.9478458166122437]",cuda
003f749ca95fcdc13c9bab7dd99d14ab25e5b2ab18e3444ec72e68dcc6531bde,integrated_gradients,blur,deletion,0.8498370856046676,0,"[0.0, 0.1, 0.2, 0.30000000000000004, 0.4, 0.5, 0.6000000000000001, 0.7000000000000001, 0.8, 0.9, 1.0]","[0.9478458166122437, 0.9970646500587463, 0.9984807372093201, 0.9994643330574036, 0.9998816251754761, 0.9999347925186157, 0.9999475479125977, 0.9991268515586853, 0.825470507144928, 0.15766820311546326, 0.09481724351644516]",cuda
003f749ca95fcdc13c9bab7dd99d14ab25e5b2ab18e3444ec72e68dcc6531bde,integrated_gradients,blur,insertion,0.7448917906731367,0,"[0.0, 0.1, 0.2, 0.30000000000000004, 0.4, 0.5, 0.6000000000000001, 0.7000000000000001, 0.8, 0.9, 1.0]","[0.09481724351644516, 0.013600785285234451, 0.05778046324849129, 0.8674303889274597, 0.9984649419784546, 0.9995445609092712, 0.9998555183410645, 0.9995256662368774, 0.9980862140655518, 0.9932978749275208, 0.9478458166122437]",cuda
005c597a68451ce3ebccfec40facb5cc8639e2d98ceb3543f1a2a934c86843b8,gradcam,mean,deletion,0.33175742581952367,0,"[0.0, 0.1, 0.2, 0.30000000000000004, 0.4, 0.5, 0.6000000000000001, 0.7000000000000001, 0.8, 0.9, 1.0]","[0.9999719858169556, 0.9956600069999695, 0.9620825052261353, 0.4498264491558075, 0.28639188408851624, 0.04430333524942398, 0.027469443157315254, 0.0026546851731836796, 0.0003599450283218175, 0.04854152724146843, 0.000597066362388432]",cuda
005c597a68451ce3ebccfec40facb5cc8639e2d98ceb3543f1a2a934c86843b8,gradcam,mean,insertion,0.7507207836955785,0,"[0.0, 0.1, 0.2, 0.30000000000000004, 0.4, 0.5, 0.6000000000000001, 0.7000000000000001, 0.8, 0.9, 1.0]","[0.000597066362388432, 0.08432397246360779, 0.01367770042270422, 0.9613404870033264, 0.995989978313446, 0.9964430928230286, 0.9974550604820251, 0.9927474856376648, 0.9947539567947388, 0.9701915383338928, 0.9999719858169556]",cuda
005c597a68451ce3ebccfec40facb5cc8639e2d98ceb3543f1a2a934c86843b8,gradcam,blur,deletion,0.7254094481468202,0,"[0.0, 0.1, 0.2, 0.30000000000000004, 0.4, 0.5, 0.6000000000000001, 0.7000000000000001, 0.8, 0.9, 1.0]","[0.9999719858169556, 0.9998875856399536, 0.9994007349014282, 0.9165855050086975, 0.834130585193634, 0.7517697811126709, 0.47805264592170715, 0.7141808867454529, 0.5046534538269043, 0.25781551003456116, 0.5952635407447815]",cuda
005c597a68451ce3ebccfec40facb5cc8639e2d98ceb3543f1a2a934c86843b8,gradcam,blur,insertion,0.973369586467743,0,"[0.0, 0.1, 0.2, 0.30000000000000004, 0.4, 0.5, 0.6000000000000001, 0.7000000000000001, 0.8, 0.9, 1.0]","[0.5952635407447815, 0.9400902986526489, 0.9961940050125122, 0.9999010562896729, 0.9999797344207764, 0.9999904632568359, 0.9999804496765137, 0.999984622001648, 0.9999949932098389, 0.9999624490737915, 0.9999719858169556]",cuda
005c597a68451ce3ebccfec40facb5cc8639e2d98ceb3543f1a2a934c86843b8,integrated_gradients,mean,deletion,0.6980074814520778,0,"[0.0, 0.1, 0.2, 0.30000000000000004, 0.4, 0.5, 0.6000000000000001, 0.7000000000000001, 0.8, 0.9, 1.0]","[0.9999719858169556, 0.99782395362854, 0.9874952435493469, 0.996410071849823, 0.9978255033493042, 0.9982916712760925, 0.7909380197525024, 0.3968338072299957, 0.2971836030483246, 0.01698855124413967, 0.000597066362388432]",cuda
005c597a68451ce3ebccfec40facb5cc8639e2d98ceb3543f1a2a934c86843b8,integrated_gradients,mean,insertion,0.5451681083068252,0,"[0.0, 0.1, 0.2, 0.30000000000000004, 0.4, 0.5, 0.6000000000000001, 0.7000000000000001, 0.8, 0.9, 1.0]","[0.000597066362388432, 0.03379932790994644, 0.0001312213425990194, 0.00964011438190937, 0.21999473869800568, 0.7319458723068237, 0.967727541923523, 0.9883671402931213, 0.9999309778213501, 0.9998595714569092, 0.9999719858169556]",cuda
005c597a68451ce3ebccfec40facb5cc8639e2d98ceb3543f1a2a934c86843b8,integrated_gradients,blur,deletion,0.9438988983631136,0,"[0.0, 0.1, 0.2, 0.30000000000000004, 0.4, 0.5, 0.6000000000000001, 0.7000000000000001, 0.8, 0.9, 1.0]","[0.9999719858169556, 0.9999829530715942, 0.9999922513961792, 0.9999908208847046, 0.9999963045120239, 0.9999878406524658, 0.9999197721481323, 0.9999662637710571, 0.9983017444610596, 0.6432332992553711, 0.5952635407447815]",cuda
005c597a68451ce3ebccfec40facb5cc8639e2d98ceb3543f1a2a934c86843b8,integrated_gradients,blur,insertion,0.8493138909339903,0,"[0.0, 0.1, 0.2, 0.30000000000000004, 0.4, 0.5, 0.6000000000000001, 0.7000000000000001, 0.8, 0.9, 1.0]","[0.5952635407447815, 0.3916453719139099, 0.32752272486686707, 0.994823694229126, 0.9944531321525574, 0.9902528524398804, 0.9981714487075806, 0.9986928105354309, 0.9999864101409912, 0.9999727010726929, 0.9999719858169556]",cuda
0152661d0be1854537b719176f968a1c4c87f57b65a0127b574fd6f7e4dc0362,gradcam,mean,deletion,0.6972069282084704,0,"[0.0, 0.1, 0.2, 0.30000000000000004, 0.4, 0.5, 0.6000000000000001, 0.7000000000000001, 0.8, 0.9, 1.0]","[0.9804722666740417, 0.7959175705909729, 0.8343071341514587, 0.870573878288269, 0.9657372236251831, 0.9411826133728027, 0.8865047693252563, 0.6114640235900879, 0.08776585757732391, 0.0018902941374108195, 0.9729796051979065]",cuda
0152661d0be1854537b719176f968a1c4c87f57b65a0127b574fd6f7e4dc0362,gradcam,mean,insertion,0.7538068890571593,0,"[0.0, 0.1, 0.2, 0.30000000000000004, 0.4, 0.5, 0.6000000000000001, 0.7000000000000001, 0.8, 0.9, 1.0]","[0.9729796051979065, 0.19074811041355133, 0.34632742404937744, 0.4455716609954834, 0.9053661823272705, 0.9872943758964539, 0.9697440266609192, 0.9633683562278748, 0.9350921511650085, 0.8178305625915527, 0.9804722666740417]",cuda
0152661d0be1854537b719176f968a1c4c87f57b65a0127b574fd6f7e4dc0362,gradcam,blur,deletion,0.8511788547039032,0,"[0.0, 0.1, 0.2, 0.30000000000000004, 0.4, 0.5, 0.6000000000000001, 0.7000000000000001, 0.8, 0.9, 1.0]","[0.9804722666740417, 0.965043842792511, 0.9414496421813965, 0.7159305214881897, 0.8455823063850403, 0.8549988865852356, 0.8185177445411682, 0.9828183054924011, 0.9405156970024109, 0.7941464781761169, 0.3250981569290161]",cuda
0152661d0be1854537b719176f968a1c4c87f57b65a0127b574fd6f7e4dc0362,gradcam,blur,insertion,0.8246598094701767,0,"[0.0, 0.1, 0.2, 0.30000000000000004, 0.4, 0.5, 0.6000000000000001, 0.7000000000000001, 0.8, 0.9, 1.0]","[0.3250981569290161, 0.24326388537883759, 0.9691647887229919, 0.9067833423614502, 0.9248247146606445, 0.9288319945335388, 0.7970771193504333, 0.8547168374061584, 0.9942114949226379, 0.9749386310577393, 0.9804722666740417]",cuda
0152661d0be1854537b719176f968a1c4c87f57b65a0127b574fd6f7e4dc0362,integrated_gradients,mean,deletion,0.6821858346462248,0,"[0.0, 0.1, 0.2, 0.30000000000000004, 0.4, 0.5, 0.6000000000000001, 0.7000000000000001, 0.8, 0.9, 1.0]","[0.9804722666740417, 0.9728924036026001, 0.9863249659538269, 0.8612316250801086, 0.872446596622467, 0.6890975832939148, 0.2703614830970764, 0.18328507244586945, 0.4385102391242981, 0.5709825158119202, 0.9729796051979065]",cuda
0152661d0be1854537b719176f968a1c4c87f57b65a0127b574fd6f7e4dc0362,integrated_gradients,mean,insertion,0.8369041323661804,0,"[0.0, 0.1, 0.2, 0.30000000000000004, 0.4, 0.5, 0.6000000000000001, 0.7000000000000001, 0.8, 0.9, 1.0]","[0.9729796051979065, 0.23542802035808563, 0.6007158160209656, 0.871189534664154, 0.9816789031028748, 0.8784883618354797, 0.9666533470153809, 0.9880496859550476, 0.9456604719161987, 0.9244512915611267, 0.9804722666740417]",cuda
0152661d0be1854537b719176f968a1c4c87f57b65a0127b574fd6f7e4dc0362,integrated_gradients,blur,deletion,0.8519766479730606,0,"[0.0, 0.1, 0.2, 0.30000000000000004, 0.4, 0.5, 0.6000000000000001, 0.7000000000000001, 0.8, 0.9, 1.0]","[0.9804722666740417, 0.9981793165206909, 0.9991025924682617, 0.9994907379150391, 0.9970002770423889, 0.9880936741828918, 0.7859773635864258, 0.8413666486740112, 0.6183542609214783, 0.639416515827179, 0.3250981569290161]",cuda
0152661d0be1854537b719176f968a1c4c87f57b65a0127b574fd6f7e4dc0362,integrated_gradients,blur,insertion,0.8747550755739212,0,"[0.0, 0.1, 0.2, 0.30000000000000004, 0.4, 0.5, 0.6000000000000001, 0.7000000000000001, 0.8, 0.9, 1.0]","[0.3250981569290161, 0.3064832091331482, 0.8258801102638245, 0.9990022778511047, 0.9968618154525757, 0.9925268888473511, 0.9979774355888367, 0.9990623593330383, 0.9992614388465881, 0.9777100086212158, 0.9804722666740417]",cuda
018960069281a2d1e119d761bef56bf970d97d7642ddb98fb51b6c50f15de50d,gradcam,mean,deletion,0.6453554719686508,1,"[0.0, 0.1, 0.2, 0.30000000000000004, 0.4, 0.5, 0.6000000000000001, 0.7000000000000001, 0.8, 0.9, 1.0]","[0.9904601573944092, 0.9298496842384338, 0.96026211977005, 0.8155548572540283, 0.374419629573822, 0.38797616958618164, 0.2728648781776428, 0.41888272762298584, 0.844315230846405, 0.9125010967254639, 0.0833965390920639]",cuda
018960069281a2d1e119d761bef56bf970d97d7642ddb98fb51b6c50f15de50d,gradcam,mean,insertion,0.8975554823875428,1,"[0.0, 0.1, 0.2, 0.30000000000000004, 0.4, 0.5, 0.6000000000000001, 0.7000000000000001, 0.8, 0.9, 1.0]","[0.0833965390920639, 0.5547307729721069, 0.9501544833183289, 0.9872856736183167, 0.9888289570808411, 0.9897492527961731, 0.9888973832130432, 0.9924720525741577, 0.9915362596511841, 0.9949716329574585, 0.9904601573944092]",cuda
018960069281a2d1e119d761bef56bf970d97d7642ddb98fb51b6c50f15de50d,gradcam,blur,deletion,0.780478686094284,1,"[0.0, 0.1, 0.2, 0.30000000000000004, 0.4, 0.5, 0.6000000000000001, 0.7000000000000001, 0.8, 0.9, 1.0]","[0.9904601573944092, 0.8210723400115967, 0.8410542011260986, 0.5504374504089355, 0.8267863392829895, 0.9299572706222534, 0.9532840847969055, 0.791271984577179, 0.74440598487854, 0.5947652459144592, 0.5130438208580017]",cuda
018960069281a2d1e119d761bef56bf970d97d7642ddb98fb51b6c50f15de50d,gradcam,blur,insertion,0.6904839731752872,1,"[0.0, 0.1, 0.2, 0.30000000000000004, 0.4, 0.5, 0.6000000000000001, 0.7000000000000001, 0.8, 0.9, 1.0]","[0.5130438208580017, 0.007472166791558266, 0.1827288269996643, 0.768523097038269, 0.3829573690891266, 0.8692638278007507, 0.9750626087188721, 0.9944325089454651, 0.9914518594741821, 0.9811954498291016, 0.9904601573944092]",cuda
018960069281a2d1e119d761bef56bf970d97d7642ddb98fb51b6c50f15de50d,integrated_gradients,mean,deletion,0.27498731613159183,1,"[0.0, 0.1, 0.2, 0.30000000000000004, 0.4, 0.5, 0.6000000000000001, 0.7000000000000001, 0.8, 0.9, 1.0]","[0.9904601573944092, 0.6053684949874878, 0.44834575057029724, 0.1012105941772461, 0.012721533887088299, 0.05775659158825874, 0.019877901300787926, 0.04728623852133751, 0.3345796465873718, 0.5857980251312256, 0.0833965390920639]",cuda
018960069281a2d1e119d761bef56bf970d97d7642ddb98fb51b6c50f15de50d,integrated_gradients,mean,insertion,0.8872600615024567,1,"[0.0, 0.1, 0.2, 0.30000000000000004, 0.4, 0.5, 0.6000000000000001, 0.7000000000000001, 0.8, 0.9, 1.0]","[0.0833965390920639, 0.9830061793327332, 0.9924296736717224, 0.9855814576148987, 0.8898066878318787, 0.9443967342376709, 0.9478999972343445, 0.795911967754364, 0.8577872514724731, 0.9388523101806641, 0.9904601573944092]",cuda
018960069281a2d1e119d761bef56bf970d97d7642ddb98fb51b6c50f15de50d,integrated_gradients,blur,deletion,0.3246980391442776,1,"[0.0, 0.1, 0.2, 0.30000000000000004, 0.4, 0.5, 0.6000000000000001, 0.7000000000000001, 0.8, 0.9, 1.0]","[0.9904601573944092, 0.5871791243553162, 0.6901974678039551, 0.6085202097892761, 0.3720387816429138, 0.03306179493665695, 0.04144832864403725, 0.05923352390527725, 0.07076015323400497, 0.03278890997171402, 0.5130438208580017]",cuda
018960069281a2d1e119d761bef56bf970d97d7642ddb98fb51b6c50f15de50d,integrated_gradients,blur,insertion,0.7542581260204315,1,"[0.0, 0.1, 0.2, 0.30000000000000004, 0.4, 0.5, 0.6000000000000001, 0.7000000000000001, 0.8, 0.9, 1.0]","[0.5130438208580017, 0.9826958179473877, 0.993895947933197, 0.971213698387146, 0.8805685043334961, 0.9044087529182434, 0.7739555835723877, 0.2004663646221161, 0.3785434067249298, 0.7050812244415283, 0.9904601573944092]",cuda
0218a8a6f5044ef678e3d7ccc618f463a13b7caf086180649bfaf7966daefe1b,gradcam,mean,deletion,0.6940889835357666,0,"[0.0, 0.1, 0.2, 0.30000000000000004, 0.4, 0.5, 0.6000000000000001, 0.7000000000000001, 0.8, 0.9, 1.0]","[0.944851279258728, 0.8727830648422241, 0.7016983032226562, 0.17701669037342072, 0.707769513130188, 0.2906109094619751, 0.891933262348175, 0.6824442148208618, 0.862053394317627, 0.8069159388542175, 0.950477659702301]",cuda
0218a8a6f5044ef678e3d7ccc618f463a13b7caf086180649bfaf7966daefe1b,gradcam,mean,insertion,0.8073353171348572,0,"[0.0, 0.1, 0.2, 0.30000000000000004, 0.4, 0.5, 0.6000000000000001, 0.7000000000000001, 0.8, 0.9, 1.0]","[0.950477659702301, 0.6519873142242432, 0.940788984298706, 0.8197798728942871, 0.9334127306938171, 0.9520448446273804, 0.6639261245727539, 0.47518184781074524, 0.8202033042907715, 0.8683637380599976, 0.944851279258728]",cuda
0218a8a6f5044ef678e3d7ccc618f463a13b7caf086180649bfaf7966daefe1b,gradcam,blur,deletion,0.944728547334671,0,"[0.0, 0.1, 0.2, 0.30000000000000004, 0.4, 0.5, 0.6000000000000001, 0.7000000000000001, 0.8, 0.9, 1.0]","[0.944851279258728, 0.9805384278297424, 0.9897398948669434, 0.9950773119926453, 0.9975318908691406, 0.9916269779205322, 0.9627086520195007, 0.9333414435386658, 0.9905960559844971, 0.9268025755882263, 0.4137928783893585]",cuda
0218a8a6f5044ef678e3d7ccc618f463a13b7caf086180649bfaf7966daefe1b,gradcam,blur,insertion,0.9657653629779817,0,"[0.0, 0.1, 0.2, 0.30000000000000004, 0.4, 0.5, 0.6000000000000001, 0.7000000000000001, 0.8, 0.9, 1.0]","[0.4137928783893585, 0.9940882921218872, 0.9991422891616821, 0.9997560381889343, 0.999681830406189, 0.999887228012085, 0.9999759197235107, 0.9999420642852783, 0.9976109266281128, 0.9882469773292542, 0.944851279258728]",cuda
0218a8a6f5044ef678e3d7ccc618f463a13b7caf086180649bfaf7966daefe1b,integrated_gradients,mean,deletion,0.8284793555736542,0,"[0.0, 0.1, 0.2, 0.30000000000000004, 0.4, 0.5, 0.6000000000000001, 0.7000000000000001, 0.8, 0.9, 1.0]","[0.944851279258728, 0.9719551801681519, 0.8136163353919983, 0.8383839130401611, 0.7843233942985535, 0.8733173608779907, 0.7878866791725159, 0.8538051247596741, 0.7818924188613892, 0.6319485902786255, 0.950477659702301]",cuda
0218a8a6f5044ef678e3d7ccc618f463a13b7caf086180649bfaf7966daefe1b,integrated_gradients,mean,insertion,0.7978878855705261,0,"[0.0, 0.1, 0.2, 0.30000000000000004, 0.4, 0.5, 0.6000000000000001, 0.7000000000000001, 0.8, 0.9, 1.0]","[0.950477659702301, 0.6232582926750183, 0.9365440011024475, 0.9582104086875916, 0.9702332019805908, 0.9801415205001831, 0.7177481055259705, 0.8178407549858093, 0.3458295166492462, 0.6814085841178894, 0.944851279258728]",cuda
0218a8a6f5044ef678e3d7ccc618f463a13b7caf086180649bfaf7966daefe1b,integrated_gradients,blur,deletion,0.9516504824161529,0,"[0.0, 0.1, 0.2, 0.30000000000000004, 0.4, 0.5, 0.6000000000000001, 0.7000000000000001, 0.8, 0.9, 1.0]","[0.944851279258728, 0.9861418604850769, 0.9862173795700073, 0.9986918568611145, 0.9992302656173706, 0.9921865463256836, 0.9755765199661255, 0.9736822843551636, 0.9534710645675659, 0.9719849228858948, 0.4137928783893585]",cuda
0218a8a6f5044ef678e3d7ccc618f463a13b7caf086180649bfaf7966daefe1b,integrated_gradients,blur,insertion,0.9653496325016022,0,"[0.0, 0.1, 0.2, 0.30000000000000004, 0.4, 0.5, 0.6000000000000001, 0.7000000000000001, 0.8, 0.9, 1.0]","[0.4137928783893585, 0.9746686816215515, 0.9997114539146423, 0.9999932050704956, 0.9999417066574097, 0.9999959468841553, 0.9999995231628418, 0.9999996423721313, 0.9999983310699463, 0.9998657703399658, 0.944851279258728]",cuda
021997c3bdae2ba306907f9085ea95ec105f7ac273bd706ac1d63b57eb923acb,gradcam,mean,deletion,0.7647090911865234,0,"[0.0, 0.1, 0.2, 0.30000000000000004, 0.4, 0.5, 0.6000000000000001, 0.7000000000000001, 0.8, 0.9, 1.0]","[0.9882398843765259, 0.937042236328125, 0.9945905208587646, 0.7838274836540222, 0.511583149433136, 0.424960732460022, 0.8882434964179993, 0.91428542137146, 0.8402664065361023, 0.8581674098968506, 8.018507287488319e-06]",cuda
021997c3bdae2ba306907f9085ea95ec105f7ac273bd706ac1d63b57eb923acb,gradcam,mean,insertion,0.8306131362915039,0,"[0.0, 0.1, 0.2, 0.30000000000000004, 0.4, 0.5, 0.6000000000000001, 0.7000000000000001, 0.8, 0.9, 1.0]","[8.018507287488319e-06, 0.6870875954627991, 0.6422961950302124, 0.7534464597702026, 0.9276465773582458, 0.9594942927360535, 0.9572600722312927, 0.9876978993415833, 0.9847961664199829, 0.9122821092605591, 0.9882398843765259]",cuda
021997c3bdae2ba306907f9085ea95ec105f7ac273bd706ac1d63b57eb923acb,gradcam,blur,deletion,0.9629027366638184,0,"[0.0, 0.1, 0.2, 0.30000000000000004, 0.4, 0.5, 0.6000000000000001, 0.7000000000000001, 0.8, 0.9, 1.0]","[0.9882398843765259, 0.9930771589279175, 0.9981096982955933, 0.9991243481636047, 0.9830017685890198, 0.9964585900306702, 0.9914444088935852, 0.9859561920166016, 0.9674440622329712, 0.9838097095489502, 0.47296300530433655]",cuda
021997c3bdae2ba306907f9085ea95ec105f7ac273bd706ac1d63b57eb923acb,gradcam,blur,insertion,0.961297333240509,0,"[0.0, 0.1, 0.2, 0.30000000000000004, 0.4, 0.5, 0.6000000000000001, 0.7000000000000001, 0.8, 0.9, 1.0]","[0.47296300530433655, 0.9883143901824951, 0.9979425072669983, 0.9810474514961243, 0.9936808347702026, 0.9895875453948975, 0.9850718379020691, 0.992356538772583, 0.9835518002510071, 0.9708189964294434, 0.9882398843765259]",cuda
021997c3bdae2ba306907f9085ea95ec105f7ac273bd706ac1d63b57eb923acb,integrated_gradients,mean,deletion,0.6767919093370438,0,"[0.0, 0.1, 0.2, 0.30000000000000004, 0.4, 0.5, 0.6000000000000001, 0.7000000000000001, 0.8, 0.9, 1.0]","[0.9882398843765259, 0.9767986536026001, 0.938303530216217, 0.3896928131580353, 0.8309409618377686, 0.7770887613296509, 0.6980324983596802, 0.6858533620834351, 0.09468359500169754, 0.8824009299278259, 8.018507287488319e-06]",cuda
021997c3bdae2ba306907f9085ea95ec105f7ac273bd706ac1d63b57eb923acb,integrated_gradients,mean,insertion,0.5198014728724957,0,"[0.0, 0.1, 0.2, 0.30000000000000004, 0.4, 0.5, 0.6000000000000001, 0.7000000000000001, 0.8, 0.9, 1.0]","[8.018507287488319e-06, 0.9147484302520752, 0.7192835211753845, 0.12804752588272095, 0.09374271333217621, 0.2885110378265381, 0.8716476559638977, 0.6321163773536682, 0.6504917740821838, 0.40530169010162354, 0.9882398843765259]",cuda
021997c3bdae2ba306907f9085ea95ec105f7ac273bd706ac1d63b57eb923acb,integrated_gradients,blur,deletion,0.7705159276723863,0,"[0.0, 0.1, 0.2, 0.30000000000000004, 0.4, 0.5, 0.6000000000000001, 0.7000000000000001, 0.8, 0.9, 1.0]","[0.9882398843765259, 0.9970744848251343, 0.9893031120300293, 0.6695444583892822, 0.958083987236023, 0.9926201701164246, 0.9323729872703552, 0.7550353407859802, 0.48221445083618164, 0.19830885529518127, 0.47296300530433655]",cuda
021997c3bdae2ba306907f9085ea95ec105f7ac273bd706ac1d63b57eb923acb,integrated_gradients,blur,insertion,0.9387468278408051,0,"[0.0, 0.1, 0.2, 0.30000000000000004, 0.4, 0.5, 0.6000000000000001, 0.7000000000000001, 0.8, 0.9, 1.0]","[0.47296300530433655, 0.8031557202339172, 0.9332118630409241, 0.9733985066413879, 0.9843785166740417, 0.9974109530448914, 0.9959772229194641, 0.9907467365264893, 0.9963567852973938, 0.9822306036949158, 0.9882398843765259]",cuda
0309b284073b6538aa79d11b7c610f2e40aa3986088adab52f4c2afface957fc,gradcam,mean,deletion,0.5748015779070555,0,"[0.0, 0.1, 0.2, 0.30000000000000004, 0.4, 0.5, 0.6000000000000001, 0.7000000000000001, 0.8, 0.9, 1.0]","[0.9999468326568604, 0.9956457018852234, 0.9954414367675781, 0.9712305665016174, 0.9185610413551331, 0.6088870763778687, 0.006940721534192562, 0.0042998334392905235, 0.007215746212750673, 0.34176135063171387, 0.7961176633834839]",cuda
0309b284073b6538aa79d11b7c610f2e40aa3986088adab52f4c2afface957fc,gradcam,mean,insertion,0.8842134773731232,0,"[0.0, 0.1, 0.2, 0.30000000000000004, 0.4, 0.5, 0.6000000000000001, 0.7000000000000001, 0.8, 0.9, 1.0]","[0.7961176633834839, 0.7328060269355774, 0.32340502738952637, 0.9019744992256165, 0.986469030380249, 0.9999767541885376, 0.9999681711196899, 0.999923825263977, 0.9997487664222717, 0.9998304843902588, 0.9999468326568604]",cuda
0309b284073b6538aa79d11b7c610f2e40aa3986088adab52f4c2afface957fc,gradcam,blur,deletion,0.5703132316470148,0,"[0.0, 0.1, 0.2, 0.30000000000000004, 0.4, 0.5, 0.6000000000000001, 0.7000000000000001, 0.8, 0.9, 1.0]","[0.9999468326568604, 0.9688407778739929, 0.9877397418022156, 0.9948620200157166, 0.9959068298339844, 0.7016207575798035, 0.06413508951663971, 0.05066471919417381, 0.05344385281205177, 0.13658376038074493, 0.49872255325317383]",cuda
0309b284073b6538aa79d11b7c610f2e40aa3986088adab52f4c2afface957fc,gradcam,blur,insertion,0.9567529141902924,0,"[0.0, 0.1, 0.2, 0.30000000000000004, 0.4, 0.5, 0.6000000000000001, 0.7000000000000001, 0.8, 0.9, 1.0]","[0.49872255325317383, 0.8268474340438843, 0.9921315312385559, 0.9992420673370361, 0.9999963045120239, 0.9999996423721313, 0.9999996423721313, 0.9999995231628418, 0.9999963045120239, 0.9999819993972778, 0.9999468326568604]",cuda
0309b284073b6538aa79d11b7c610f2e40aa3986088adab52f4c2afface957fc,integrated_gradients,mean,deletion,0.7731183201074601,0,"[0.0, 0.1, 0.2, 0.30000000000000004, 0.4, 0.5, 0.6000000000000001, 0.7000000000000001, 0.8, 0.9, 1.0]","[0.9999468326568604, 0.9999570846557617, 0.9999397993087769, 0.9977978467941284, 0.9960740804672241, 0.9963239431381226, 0.9673019647598267, 0.6060314178466797, 0.05158817395567894, 0.21813662350177765, 0.7961176633834839]",cuda
0309b284073b6538aa79d11b7c610f2e40aa3986088adab52f4c2afface957fc,integrated_gradients,mean,insertion,0.618409195356071,0,"[0.0, 0.1, 0.2, 0.30000000000000004, 0.4, 0.5, 0.6000000000000001, 0.7000000000000001, 0.8, 0.9, 1.0]","[0.7961176633834839, 0.41592878103256226, 0.009328763000667095, 0.00045959738781675696, 0.0700349360704422, 0.8299331068992615, 0.98533034324646, 0.9842522740364075, 0.9990850687026978, 0.9917068481445312, 0.9999468326568604]",cuda
0309b284073b6538aa79d11b7c610f2e40aa3986088adab52f4c2afface957fc,integrated_gradients,blur,deletion,0.9507199585437776,0,"[0.0, 0.1, 0.2, 0.30000000000000004, 0.4, 0.5, 0.6000000000000001, 0.7000000000000001, 0.8, 0.9, 1.0]","[0.9999468326568604, 0.9999959468841553, 0.9999973773956299, 0.9999986886978149, 0.9999921321868896, 0.9999876022338867, 0.9995531439781189, 0.99187171459198, 0.9784069657325745, 0.788061261177063, 0.49872255325317383]",cuda
0309b284073b6538aa79d11b7c610f2e40aa3986088adab52f4c2afface957fc,integrated_gradients,blur,insertion,0.7386182337999343,0,"[0.0, 0.1, 0.2, 0.30000000000000004, 0.4, 0.5, 0.6000000000000001, 0.7000000000000001, 0.8, 0.9, 1.0]","[0.49872255325317383, 0.5819227695465088, 0.067252516746521, 0.03310197591781616, 0.9663446545600891, 0.9915418028831482, 0.999407172203064, 0.9993889331817627, 0.9980217218399048, 0.9998661279678345, 0.9999468326568604]",cuda
0331e5a625f266105c70e5b044c3a49a99ac6aea79fd09362ce658ee4232e6d3,gradcam,mean,deletion,0.6036696672439574,0,"[0.0, 0.1, 0.2, 0.30000000000000004, 0.4, 0.5, 0.6000000000000001, 0.7000000000000001, 0.8, 0.9, 1.0]","[0.8912932872772217, 0.9367913007736206, 0.8046430349349976, 0.7582279443740845, 0.2660624086856842, 0.7119467854499817, 0.5012629628181458, 0.37032362818717957, 0.3328375220298767, 0.4629163444042206, 0.8920762538909912]",cuda
0331e5a625f266105c70e5b044c3a49a99ac6aea79fd09362ce658ee4232e6d3,gradcam,mean,insertion,0.6254338711500167,0,"[0.0, 0.1, 0.2, 0.30000000000000004, 0.4, 0.5, 0.6000000000000001, 0.7000000000000001, 0.8, 0.9, 1.0]","[0.8920762538909912, 0.7765809297561646, 0.05502127856016159, 0.5607086420059204, 0.3616564869880676, 0.7854295969009399, 0.9528807997703552, 0.6594772338867188, 0.7807610630989075, 0.4301379323005676, 0.8912932872772217]",cuda
0331e5a625f266105c70e5b044c3a49a99ac6aea79fd09362ce658ee4232e6d3,gradcam,blur,deletion,0.8232584238052368,0,"[0.0, 0.1, 0.2, 0.30000000000000004, 0.4, 0.5, 0.6000000000000001, 0.7000000000000001, 0.8, 0.9, 1.0]","[0.8912932872772217, 0.9803302884101868, 0.9895798563957214, 0.9893497228622437, 0.9825771450996399, 0.9943254590034485, 0.9532630443572998, 0.9103436470031738, 0.684877336025238, 0.13919633626937866, 0.3261895775794983]",cuda
0331e5a625f266105c70e5b044c3a49a99ac6aea79fd09362ce658ee4232e6d3,gradcam,blur,insertion,0.8372363805770874,0,"[0.0, 0.1, 0.2, 0.30000000000000004, 0.4, 0.5, 0.6000000000000001, 0.7000000000000001, 0.8, 0.9, 1.0]","[0.3261895775794983, 0.9649472832679749, 0.14692845940589905, 0.8324275612831116, 0.9678063988685608, 0.9079018235206604, 0.998900294303894, 0.997975766658783, 0.987185537815094, 0.9595492482185364, 0.8912932872772217]",cuda
0331e5a625f266105c70e5b044c3a49a99ac6aea79fd09362ce658ee4232e6d3,integrated_gradients,mean,deletion,0.8479229211807251,0,"[0.0, 0.1, 0.2, 0.30000000000000004, 0.4, 0.5, 0.6000000000000001, 0.7000000000000001, 0.8, 0.9, 1.0]","[0.8912932872772217, 0.8583547472953796, 0.9705840945243835, 0.9027456641197205, 0.7898085713386536, 0.9368297457695007, 0.9535910487174988, 0.9281573295593262, 0.5198949575424194, 0.7275782227516174, 0.8920762538909912]",cuda
0331e5a625f266105c70e5b044c3a49a99ac6aea79fd09362ce658ee4232e6d3,integrated_gradients,mean,insertion,0.6438715189695358,0,"[0.0, 0.1, 0.2, 0.30000000000000004, 0.4, 0.5, 0.6000000000000001, 0.7000000000000001, 0.8, 0.9, 1.0]","[0.8920762538909912, 0.12505875527858734, 0.15659412741661072, 0.8731787204742432, 0.986441969871521, 0.9115100502967834, 0.7878040671348572, 0.6230692267417908, 0.5966875553131104, 0.4866859018802643, 0.8912932872772217]",cuda
0331e5a625f266105c70e5b044c3a49a99ac6aea79fd09362ce658ee4232e6d3,integrated_gradients,blur,deletion,0.8592390835285187,0,"[0.0, 0.1, 0.2, 0.30000000000000004, 0.4, 0.5, 0.6000000000000001, 0.7000000000000001, 0.8, 0.9, 1.0]","[0.8912932872772217, 0.9424835443496704, 0.9839994311332703, 0.9892240166664124, 0.9174507260322571, 0.9707118272781372, 0.9559162855148315, 0.894418478012085, 0.6984682679176331, 0.6309768557548523, 0.3261895775794983]",cuda
0331e5a625f266105c70e5b044c3a49a99ac6aea79fd09362ce658ee4232e6d3,integrated_gradients,blur,insertion,0.9178760528564452,0,"[0.0, 0.1, 0.2, 0.30000000000000004, 0.4, 0.5, 0.6000000000000001, 0.7000000000000001, 0.8, 0.9, 1.0]","[0.3261895775794983, 0.6487922072410583, 0.9783777594566345, 0.9746272563934326, 0.9887210726737976, 0.9977574944496155, 0.9926482439041138, 0.9924880266189575, 0.9979864358901978, 0.9986205101013184, 0.8912932872772217]",cuda
0344c5143d565106910a31f3556d00ecda7dabb17f10afde58c1952e0f36e7a7,gradcam,mean,deletion,0.5441178201774164,0,"[0.0, 0.1, 0.2, 0.30000000000000004, 0.4, 0.5, 0.6000000000000001, 0.7000000000000001, 0.8, 0.9, 1.0]","[0.9999970197677612, 0.994350016117096, 0.8809793591499329, 0.5562429428100586, 0.9418577551841736, 0.8946903944015503, 0.09738519787788391, 0.5728914141654968, 0.0027114814147353172, 6.921595922904089e-05, 3.8362036320904735e-06]",cuda
0344c5143d565106910a31f3556d00ecda7dabb17f10afde58c1952e0f36e7a7,gradcam,mean,insertion,0.9293912053108214,0,"[0.0, 0.1, 0.2, 0.30000000000000004, 0.4, 0.5, 0.6000000000000001, 0.7000000000000001, 0.8, 0.9, 1.0]","[3.8362036320904735e-06, 0.8743221759796143, 0.9991093277931213, 0.9413253664970398, 0.9961134195327759, 0.9981440305709839, 0.98740154504776, 0.9987277388572693, 0.9987982511520386, 0.9999698400497437, 0.9999970197677612]",cuda
0344c5143d565106910a31f3556d00ecda7dabb17f10afde58c1952e0f36e7a7,gradcam,blur,deletion,0.7793964147567749,0,"[0.0, 0.1, 0.2, 0.30000000000000004, 0.4, 0.5, 0.6000000000000001, 0.7000000000000001, 0.8, 0.9, 1.0]","[0.9999970197677612, 0.9998525381088257, 0.9997486472129822, 0.9997230172157288, 0.9983581900596619, 0.9615291357040405, 0.8055379986763, 0.26398447155952454, 0.32910844683647156, 0.6112467646598816, 0.6497528553009033]",cuda
0344c5143d565106910a31f3556d00ecda7dabb17f10afde58c1952e0f36e7a7,gradcam,blur,insertion,0.9824249804019929,0,"[0.0, 0.1, 0.2, 0.30000000000000004, 0.4, 0.5, 0.6000000000000001, 0.7000000000000001, 0.8, 0.9, 1.0]","[0.6497528553009033, 0.9993773102760315, 0.9999985694885254, 0.9999998807907104, 1.0, 0.9999998807907104, 0.9999995231628418, 0.9999998807907104, 1.0, 0.9999998807907104, 0.9999970197677612]",cuda
0344c5143d565106910a31f3556d00ecda7dabb17f10afde58c1952e0f36e7a7,integrated_gradients,mean,deletion,0.748362289101351,0,"[0.0, 0.1, 0.2, 0.30000000000000004, 0.4, 0.5, 0.6000000000000001, 0.7000000000000001, 0.8, 0.9, 1.0]","[0.9999970197677612, 0.9984139204025269, 0.9581458568572998, 0.9798020124435425, 0.9897054433822632, 0.9929720759391785, 0.9613829851150513, 0.6594778299331665, 0.4400005340576172, 0.0037218660581856966, 3.8362036320904735e-06]",cuda
0344c5143d565106910a31f3556d00ecda7dabb17f10afde58c1952e0f36e7a7,integrated_gradients,mean,insertion,0.6023255122825504,0,"[0.0, 0.1, 0.2, 0.30000000000000004, 0.4, 0.5, 0.6000000000000001, 0.7000000000000001, 0.8, 0.9, 1.0]","[3.8362036320904735e-06, 0.0616215355694294, 0.0014297515153884888, 0.0152740478515625, 0.5183706283569336, 0.9810339212417603, 0.9957284331321716, 0.9715806841850281, 0.9782480597496033, 0.9999676942825317, 0.9999970197677612]",cuda
0344c5143d565106910a31f3556d00ecda7dabb17f10afde58c1952e0f36e7a7,integrated_gradients,blur,deletion,0.9749230444431305,0,"[0.0, 0.1, 0.2, 0.30000000000000004, 0.4, 0.5, 0.6000000000000001, 0.7000000000000001, 0.8, 0.9, 1.0]","[0.9999970197677612, 0.9999994039535522, 0.9999998807907104, 0.9999997615814209, 0.9999991655349731, 0.9999734163284302, 0.9999778270721436, 0.9999696016311646, 0.9998389482498169, 0.9245975017547607, 0.6497528553009033]",cuda
0344c5143d565106910a31f3556d00ecda7dabb17f10afde58c1952e0f36e7a7,integrated_gradients,blur,insertion,0.9582519650459289,0,"[0.0, 0.1, 0.2, 0.30000000000000004, 0.4, 0.5, 0.6000000000000001, 0.7000000000000001, 0.8, 0.9, 1.0]","[0.6497528553009033, 0.8348947167396545, 0.9252938628196716, 0.9974926710128784, 0.9999831914901733, 0.9999964237213135, 0.9999858140945435, 0.9999986886978149, 0.9999997615814209, 0.9999996423721313, 0.9999970197677612]",cuda
03824e4a8805db421ff4a3f22ef2c3baf1b80771c85c34a5aa6f29f4bf12d3d9,gradcam,mean,deletion,0.49138996303081517,0,"[0.0, 0.1, 0.2, 0.30000000000000004, 0.4, 0.5, 0.6000000000000001, 0.7000000000000001, 0.8, 0.9, 1.0]","[0.9999819993972778, 0.9999179840087891, 0.9858160018920898, 0.9604799151420593, 0.8170364499092102, 0.06432441622018814, 0.1781316101551056, 0.06313136219978333, 0.04493364319205284, 0.29989099502563477, 0.0004924118402414024]",cuda
03824e4a8805db421ff4a3f22ef2c3baf1b80771c85c34a5aa6f29f4bf12d3d9,gradcam,mean,insertion,0.6488603817299008,0,"[0.0, 0.1, 0.2, 0.30000000000000004, 0.4, 0.5, 0.6000000000000001, 0.7000000000000001, 0.8, 0.9, 1.0]","[0.0004924118402414024, 0.03375193476676941, 0.12344761192798615, 0.15208151936531067, 0.9251124858856201, 0.9443264603614807, 0.9476409554481506, 0.9974520802497864, 0.9185806512832642, 0.9459729194641113, 0.9999819993972778]",cuda
03824e4a8805db421ff4a3f22ef2c3baf1b80771c85c34a5aa6f29f4bf12d3d9,gradcam,blur,deletion,0.7590764760971068,0,"[0.0, 0.1, 0.2, 0.30000000000000004, 0.4, 0.5, 0.6000000000000001, 0.7000000000000001, 0.8, 0.9, 1.0]","[0.9999819993972778, 0.9999948740005493, 0.9999370574951172, 0.6729989647865295, 0.6718484163284302, 0.31974735856056213, 0.6665731072425842, 0.8519394993782043, 0.5611956715583801, 0.932368814945221, 0.8283400535583496]",cuda
03824e4a8805db421ff4a3f22ef2c3baf1b80771c85c34a5aa6f29f4bf12d3d9,gradcam,blur,insertion,0.9348692297935486,0,"[0.0, 0.1, 0.2, 0.30000000000000004, 0.4, 0.5, 0.6000000000000001, 0.7000000000000001, 0.8, 0.9, 1.0]","[0.8283400535583496, 0.48042547702789307, 0.9548971056938171, 0.9993002414703369, 0.9999186992645264, 0.9999990463256836, 0.9999998807907104, 0.9999991655349731, 0.9999978542327881, 0.9999938011169434, 0.9999819993972778]",cuda
03824e4a8805db421ff4a3f22ef2c3baf1b80771c85c34a5aa6f29f4bf12d3d9,integrated_gradients,mean,deletion,0.5658217670395971,0,"[0.0, 0.1, 0.2, 0.30000000000000004, 0.4, 0.5, 0.6000000000000001, 0.7000000000000001, 0.8, 0.9, 1.0]","[0.9999819993972778, 0.9950719475746155, 0.9586952924728394, 0.8983656764030457, 0.9440784454345703, 0.7440912127494812, 0.3278069794178009, 0.19609768688678741, 0.08151926100254059, 0.012253851629793644, 0.0004924118402414024]",cuda
03824e4a8805db421ff4a3f22ef2c3baf1b80771c85c34a5aa6f29f4bf12d3d9,integrated_gradients,mean,insertion,0.6131676506251096,0,"[0.0, 0.1, 0.2, 0.30000000000000004, 0.4, 0.5, 0.6000000000000001, 0.7000000000000001, 0.8, 0.9, 1.0]","[0.0004924118402414024, 0.5915208458900452, 0.005720078479498625, 0.09538771957159042, 0.7708314061164856, 0.5332802534103394, 0.8451756834983826, 0.9348353743553162, 0.8981568217277527, 0.9565311670303345, 0.9999819993972778]",cuda
03824e4a8805db421ff4a3f22ef2c3baf1b80771c85c34a5aa6f29f4bf12d3d9,integrated_gradients,blur,deletion,0.9754094898700715,0,"[0.0, 0.1, 0.2, 0.30000000000000004, 0.4, 0.5, 0.6000000000000001, 0.7000000000000001, 0.8, 0.9, 1.0]","[0.9999819993972778, 0.9999974966049194, 0.9999902248382568, 0.9999712705612183, 0.9996503591537476, 0.9960950016975403, 0.9945810437202454, 0.9797720909118652, 0.9706007242202759, 0.8992756605148315, 0.8283400535583496]",cuda
03824e4a8805db421ff4a3f22ef2c3baf1b80771c85c34a5aa6f29f4bf12d3d9,integrated_gradients,blur,insertion,0.943244606256485,0,"[0.0, 0.1, 0.2, 0.30000000000000004, 0.4, 0.5, 0.6000000000000001, 0.7000000000000001, 0.8, 0.9, 1.0]","[0.8283400535583496, 0.8800809979438782, 0.7719144821166992, 0.9826894998550415, 0.925091028213501, 0.9586976170539856, 0.9998210072517395, 0.9999982118606567, 0.9999953508377075, 0.9999969005584717, 0.9999819993972778]",cuda
03868a775867a3cf2ea916c0adb924c7291329c3b41f86887398b5be0d48c380,gradcam,mean,deletion,0.8816719204187394,1,"[0.0, 0.1, 0.2, 0.30000000000000004, 0.4, 0.5, 0.6000000000000001, 0.7000000000000001, 0.8, 0.9, 1.0]","[0.9999967813491821, 0.9975181818008423, 0.8632878661155701, 0.9990554451942444, 0.9966020584106445, 0.9923279881477356, 0.993313729763031, 0.8884986639022827, 0.9169833064079285, 0.4393552839756012, 0.45955684781074524]",cuda
03868a775867a3cf2ea916c0adb924c7291329c3b41f86887398b5be0d48c380,gradcam,mean,insertion,0.8894616842269897,1,"[0.0, 0.1, 0.2, 0.30000000000000004, 0.4, 0.5, 0.6000000000000001, 0.7000000000000001, 0.8, 0.9, 1.0]","[0.45955684781074524, 0.22372932732105255, 0.9576239585876465, 0.9979656934738159, 0.9986345171928406, 0.9976414442062378, 0.9955533146858215, 0.993787944316864, 0.9999094009399414, 0.9999943971633911, 0.9999967813491821]",cuda
03868a775867a3cf2ea916c0adb924c7291329c3b41f86887398b5be0d48c380,gradcam,blur,deletion,0.9245790660381317,1,"[0.0, 0.1, 0.2, 0.30000000000000004, 0.4, 0.5, 0.6000000000000001, 0.7000000000000001, 0.8, 0.9, 1.0]","[0.9999967813491821, 0.9999731779098511, 0.9998483657836914, 0.9971907734870911, 0.9893254041671753, 0.9835594296455383, 0.9850505590438843, 0.9008917212486267, 0.8885076642036438, 0.7580394148826599, 0.4868115186691284]",cuda
03868a775867a3cf2ea916c0adb924c7291329c3b41f86887398b5be0d48c380,gradcam,blur,insertion,0.90536031126976,1,"[0.0, 0.1, 0.2, 0.30000000000000004, 0.4, 0.5, 0.6000000000000001, 0.7000000000000001, 0.8, 0.9, 1.0]","[0.4868115186691284, 0.836529552936554, 0.8159736394882202, 0.8995489478111267, 0.8838663697242737, 0.8988844156265259, 0.9754977822303772, 0.9999110698699951, 0.9999880790710449, 0.9999990463256836, 0.9999967813491821]",cuda
03868a775867a3cf2ea916c0adb924c7291329c3b41f86887398b5be0d48c380,integrated_gradients,mean,deletion,0.6815021038055419,1,"[0.0, 0.1, 0.2, 0.30000000000000004, 0.4, 0.5, 0.6000000000000001, 0.7000000000000001, 0.8, 0.9, 1.0]","[0.9999967813491821, 0.9966366291046143, 0.18509842455387115, 0.7670401334762573, 0.857477605342865, 0.4423142671585083, 0.4331049919128418, 0.983716607093811, 0.9394286870956421, 0.48042696714401245, 0.45955684781074524]",cuda
03868a775867a3cf2ea916c0adb924c7291329c3b41f86887398b5be0d48c380,integrated_gradients,mean,insertion,0.8959658235311507,1,"[0.0, 0.1, 0.2, 0.30000000000000004, 0.4, 0.5, 0.6000000000000001, 0.7000000000000001, 0.8, 0.9, 1.0]","[0.45955684781074524, 0.2937747538089752, 0.9994502663612366, 0.9936540126800537, 0.9992148876190186, 0.9976974129676819, 0.9958444237709045, 0.9634883999824524, 0.9991375207901001, 0.9876197576522827, 0.9999967813491821]",cuda
03868a775867a3cf2ea916c0adb924c7291329c3b41f86887398b5be0d48c380,integrated_gradients,blur,deletion,0.6687590971589088,1,"[0.0, 0.1, 0.2, 0.30000000000000004, 0.4, 0.5, 0.6000000000000001, 0.7000000000000001, 0.8, 0.9, 1.0]","[0.9999967813491821, 0.9999210834503174, 0.998871386051178, 0.9965482354164124, 0.9373748898506165, 0.8321598172187805, 0.3520198464393616, 0.14749732613563538, 0.24144122004508972, 0.438353031873703, 0.4868115186691284]",cuda
03868a775867a3cf2ea916c0adb924c7291329c3b41f86887398b5be0d48c380,integrated_gradients,blur,insertion,0.8824478954076768,1,"[0.0, 0.1, 0.2, 0.30000000000000004, 0.4, 0.5, 0.6000000000000001, 0.7000000000000001, 0.8, 0.9, 1.0]","[0.4868115186691284, 0.4478922486305237, 0.7482408881187439, 0.9516905546188354, 0.9920505881309509, 0.9463552236557007, 0.9958569407463074, 0.9992085099220276, 0.9998157620429993, 0.9999642372131348, 0.9999967813491821]",cuda
03d365ec9b2f8df51c29064486a5fff1a814479f2b1b1fc905ce5ce6acac9761,gradcam,mean,deletion,0.4991648443043233,0,"[0.0, 0.1, 0.2, 0.30000000000000004, 0.4, 0.5, 0.6000000000000001, 0.7000000000000001, 0.8, 0.9, 1.0]","[0.987209677696228, 0.9589701890945435, 0.9943813681602478, 0.45817503333091736, 0.38093432784080505, 0.2843194901943207, 0.6235113143920898, 0.1635635793209076, 0.15655474364757538, 0.0036231514532119036, 0.948020875453949]",cuda
03d365ec9b2f8df51c29064486a5fff1a814479f2b1b1fc905ce5ce6acac9761,gradcam,mean,insertion,0.7170236602425575,0,"[0.0, 0.1, 0.2, 0.30000000000000004, 0.4, 0.5, 0.6000000000000001, 0.7000000000000001, 0.8, 0.9, 1.0]","[0.948020875453949, 0.034151285886764526, 0.24523460865020752, 0.7409361004829407, 0.549713134765625, 0.8353371024131775, 0.9493896961212158, 0.9823215007781982, 0.9542593955993652, 0.911278486251831, 0.987209677696228]",cuda
03d365ec9b2f8df51c29064486a5fff1a814479f2b1b1fc905ce5ce6acac9761,gradcam,blur,deletion,0.4133017398416996,0,"[0.0, 0.1, 0.2, 0.30000000000000004, 0.4, 0.5, 0.6000000000000001, 0.7000000000000001, 0.8, 0.9, 1.0]","[0.987209677696228, 0.9660852551460266, 0.8106387257575989, 0.6746293902397156, 0.1309637874364853, 0.27314522862434387, 0.2954486310482025, 0.2587869465351105, 0.14222902059555054, 0.08091191947460175, 0.013147249817848206]",cuda
03d365ec9b2f8df51c29064486a5fff1a814479f2b1b1fc905ce5ce6acac9761,gradcam,blur,insertion,0.8715288162231445,0,"[0.0, 0.1, 0.2, 0.30000000000000004, 0.4, 0.5, 0.6000000000000001, 0.7000000000000001, 0.8, 0.9, 1.0]","[0.013147249817848206, 0.4094615876674652, 0.880604088306427, 0.9761824607849121, 0.9540442824363708, 0.9974899291992188, 0.9994951486587524, 0.9991280436515808, 0.9998829364776611, 0.9988211989402771, 0.987209677696228]",cuda
03d365ec9b2f8df51c29064486a5fff1a814479f2b1b1fc905ce5ce6acac9761,integrated_gradients,mean,deletion,0.7058948580175638,0,"[0.0, 0.1, 0.2, 0.30000000000000004, 0.4, 0.5, 0.6000000000000001, 0.7000000000000001, 0.8, 0.9, 1.0]","[0.987209677696228, 0.9758504033088684, 0.9463445544242859, 0.993779718875885, 0.9939213991165161, 0.8531518578529358, 0.8027830719947815, 0.42550042271614075, 0.011233835481107235, 0.08876792341470718, 0.948020875453949]",cuda
03d365ec9b2f8df51c29064486a5fff1a814479f2b1b1fc905ce5ce6acac9761,integrated_gradients,mean,insertion,0.6081687191501259,0,"[0.0, 0.1, 0.2, 0.30000000000000004, 0.4, 0.5, 0.6000000000000001, 0.7000000000000001, 0.8, 0.9, 1.0]","[0.948020875453949, 0.0026831666473299265, 0.031182212755084038, 0.04971146583557129, 0.14424960315227509, 0.9379326701164246, 0.9690728783607483, 0.9938726425170898, 0.9864739179611206, 0.9988934397697449, 0.987209677696228]",cuda
03d365ec9b2f8df51c29064486a5fff1a814479f2b1b1fc905ce5ce6acac9761,integrated_gradients,blur,deletion,0.871217879652977,0,"[0.0, 0.1, 0.2, 0.30000000000000004, 0.4, 0.5, 0.6000000000000001, 0.7000000000000001, 0.8, 0.9, 1.0]","[0.987209677696228, 0.998210072517395, 0.9777092933654785, 0.995414137840271, 0.9835113286972046, 0.933628499507904, 0.8926972150802612, 0.9070733785629272, 0.9239251017570496, 0.5998314023017883, 0.013147249817848206]",cuda
03d365ec9b2f8df51c29064486a5fff1a814479f2b1b1fc905ce5ce6acac9761,integrated_gradients,blur,insertion,0.5888850973919034,0,"[0.0, 0.1, 0.2, 0.30000000000000004, 0.4, 0.5, 0.6000000000000001, 0.7000000000000001, 0.8, 0.9, 1.0]","[0.013147249817848206, 0.0026245645713061094, 0.05015197768807411, 0.1462254822254181, 0.4520641267299652, 0.9599601626396179, 0.8212578892707825, 0.9855631589889526, 0.9870397448539734, 0.9837853908538818, 0.987209677696228]",cuda
040cc6624ddfff55c59203c038aeb952d2e8a0f1dbe39ae11d9a763cc1913653,gradcam,mean,deletion,0.6969446115195752,0,"[0.0, 0.1, 0.2, 0.30000000000000004, 0.4, 0.5, 0.6000000000000001, 0.7000000000000001, 0.8, 0.9, 1.0]","[0.9999985694885254, 0.9451022148132324, 0.9939044117927551, 0.9825531244277954, 0.9632623791694641, 0.7239310145378113, 0.8302104473114014, 0.4302951395511627, 0.11192375421524048, 0.11700855195522308, 0.7425114512443542]",cuda
040cc6624ddfff55c59203c038aeb952d2e8a0f1dbe39ae11d9a763cc1913653,gradcam,mean,insertion,0.5700268849730492,0,"[0.0, 0.1, 0.2, 0.30000000000000004, 0.4, 0.5, 0.6000000000000001, 0.7000000000000001, 0.8, 0.9, 1.0]","[0.7425114512443542, 0.31899839639663696, 0.10385707020759583, 0.3627338111400604, 0.7351980209350586, 0.8294652104377747, 0.8624007105827332, 0.6089673638343811, 0.6785196661949158, 0.32887357473373413, 0.9999985694885254]",cuda
040cc6624ddfff55c59203c038aeb952d2e8a0f1dbe39ae11d9a763cc1913653,gradcam,blur,deletion,0.9397590398788451,0,"[0.0, 0.1, 0.2, 0.30000000000000004, 0.4, 0.5, 0.6000000000000001, 0.7000000000000001, 0.8, 0.9, 1.0]","[0.9999985694885254, 0.9999980926513672, 0.9999959468841553, 0.9999797344207764, 0.99996018409729, 0.9986685514450073, 0.969779372215271, 0.9879496097564697, 0.9351263642311096, 0.9512233138084412, 0.1098199263215065]",cuda
040cc6624ddfff55c59203c038aeb952d2e8a0f1dbe39ae11d9a763cc1913653,gradcam,blur,insertion,0.9430299878120423,0,"[0.0, 0.1, 0.2, 0.30000000000000004, 0.4, 0.5, 0.6000000000000001, 0.7000000000000001, 0.8, 0.9, 1.0]","[0.1098199263215065, 0.9744930863380432, 0.9495559334754944, 0.9520552158355713, 0.9993170499801636, 0.9999804496765137, 0.9999915361404419, 0.9999979734420776, 0.9999997615814209, 0.9999996423721313, 0.9999985694885254]",cuda
040cc6624ddfff55c59203c038aeb952d2e8a0f1dbe39ae11d9a763cc1913653,integrated_gradients,mean,deletion,0.7229570083320142,0,"[0.0, 0.1, 0.2, 0.30000000000000004, 0.4, 0.5, 0.6000000000000001, 0.7000000000000001, 0.8, 0.9, 1.0]","[0.9999985694885254, 0.9164023995399475, 0.8925483822822571, 0.8367595076560974, 0.9273329973220825, 0.8601004481315613, 0.8771510124206543, 0.9006977677345276, 0.023665176704525948, 0.1236574649810791, 0.7425114512443542]",cuda
040cc6624ddfff55c59203c038aeb952d2e8a0f1dbe39ae11d9a763cc1913653,integrated_gradients,mean,insertion,0.7554582625627517,0,"[0.0, 0.1, 0.2, 0.30000000000000004, 0.4, 0.5, 0.6000000000000001, 0.7000000000000001, 0.8, 0.9, 1.0]","[0.7425114512443542, 0.6518661975860596, 0.49977463483810425, 0.758358359336853, 0.2027786523103714, 0.8630214929580688, 0.9850783348083496, 0.9989699125289917, 0.9912958145141602, 0.732184112071991, 0.9999985694885254]",cuda
040cc6624ddfff55c59203c038aeb952d2e8a0f1dbe39ae11d9a763cc1913653,integrated_gradients,blur,deletion,0.9459466099739076,0,"[0.0, 0.1, 0.2, 0.30000000000000004, 0.4, 0.5, 0.6000000000000001, 0.7000000000000001, 0.8, 0.9, 1.0]","[0.9999985694885254, 0.999976634979248, 0.999996542930603, 0.9999829530715942, 0.999944806098938, 0.9997900128364563, 0.9919792413711548, 0.9721803665161133, 0.9563103318214417, 0.9843959808349609, 0.1098199263215065]",cuda
040cc6624ddfff55c59203c038aeb952d2e8a0f1dbe39ae11d9a763cc1913653,integrated_gradients,blur,insertion,0.9385267853736878,0,"[0.0, 0.1, 0.2, 0.30000000000000004, 0.4, 0.5, 0.6000000000000001, 0.7000000000000001, 0.8, 0.9, 1.0]","[0.1098199263215065, 0.8580979704856873, 0.9728235602378845, 0.9995856881141663, 0.9999099969863892, 0.9999629259109497, 0.9999860525131226, 0.9999991655349731, 0.9999938011169434, 0.9999994039535522, 0.9999985694885254]",cuda
04329e3d75809f98c037b070433650f1ee51dd3d72050a07125219e38dbfb23f,gradcam,mean,deletion,0.5433347485028208,0,"[0.0, 0.1, 0.2, 0.30000000000000004, 0.4, 0.5, 0.6000000000000001, 0.7000000000000001, 0.8, 0.9, 1.0]","[0.9990523457527161, 0.9993189573287964, 0.9996273517608643, 0.9277001619338989, 0.9705905318260193, 0.8390786051750183, 0.17307820916175842, 0.010293093509972095, 0.0011345206294208765, 0.011922423727810383, 0.0021548818331211805]",cuda
04329e3d75809f98c037b070433650f1ee51dd3d72050a07125219e38dbfb23f,gradcam,mean,insertion,0.828763105161488,0,"[0.0, 0.1, 0.2, 0.30000000000000004, 0.4, 0.5, 0.6000000000000001, 0.7000000000000001, 0.8, 0.9, 1.0]","[0.0021548818331211805, 0.011575677432119846, 0.8120753765106201, 0.9721102714538574, 0.9950799942016602, 0.9991393089294434, 0.9999436140060425, 0.999871015548706, 0.9998481273651123, 0.9973840117454529, 0.9990523457527161]",cuda
04329e3d75809f98c037b070433650f1ee51dd3d72050a07125219e38dbfb23f,gradcam,blur,deletion,0.8878363490104676,0,"[0.0, 0.1, 0.2, 0.30000000000000004, 0.4, 0.5, 0.6000000000000001, 0.7000000000000001, 0.8, 0.9, 1.0]","[0.9990523457527161, 0.9987976551055908, 0.9997077584266663, 0.9988345503807068, 0.9991784691810608, 0.9958971738815308, 0.9609778523445129, 0.9742802977561951, 0.6066024303436279, 0.8219998478889465, 0.04512253403663635]",cuda
04329e3d75809f98c037b070433650f1ee51dd3d72050a07125219e38dbfb23f,gradcam,blur,insertion,0.895310142636299,0,"[0.0, 0.1, 0.2, 0.30000000000000004, 0.4, 0.5, 0.6000000000000001, 0.7000000000000001, 0.8, 0.9, 1.0]","[0.04512253403663635, 0.43829992413520813, 0.9930586814880371, 0.9998307228088379, 0.9998853206634521, 0.9999829530715942, 0.9999887943267822, 0.9999881982803345, 0.9999935626983643, 0.9999858140945435, 0.9990523457527161]",cuda
04329e3d75809f98c037b070433650f1ee51dd3d72050a07125219e38dbfb23f,integrated_gradients,mean,deletion,0.6939526703208685,0,"[0.0, 0.1, 0.2, 0.30000000000000004, 0.4, 0.5, 0.6000000000000001, 0.7000000000000001, 0.8, 0.9, 1.0]","[0.9990523457527161, 0.9994128942489624, 0.9992831349372864, 0.9831104278564453, 0.9831050038337708, 0.9945608973503113, 0.8480121493339539, 0.3589648902416229, 0.2430732399225235, 0.02940046414732933, 0.0021548818331211805]",cuda
04329e3d75809f98c037b070433650f1ee51dd3d72050a07125219e38dbfb23f,integrated_gradients,mean,insertion,0.6363258155062794,0,"[0.0, 0.1, 0.2, 0.30000000000000004, 0.4, 0.5, 0.6000000000000001, 0.7000000000000001, 0.8, 0.9, 1.0]","[0.0021548818331211805, 0.023549968376755714, 0.1481282263994217, 0.5479214787483215, 0.3656424283981323, 0.7933698296546936, 0.9867782592773438, 0.999037504196167, 0.9995369911193848, 0.9986898303031921, 0.9990523457527161]",cuda
04329e3d75809f98c037b070433650f1ee51dd3d72050a07125219e38dbfb23f,integrated_gradients,blur,deletion,0.9106204986572266,0,"[0.0, 0.1, 0.2, 0.30000000000000004, 0.4, 0.5, 0.6000000000000001, 0.7000000000000001, 0.8, 0.9, 1.0]","[0.9990523457527161, 0.9991483688354492, 0.9991323351860046, 0.999672532081604, 0.9981702566146851, 0.996142566204071, 0.9924991726875305, 0.9920837879180908, 0.8295204043388367, 0.777748167514801, 0.04512253403663635]",cuda
04329e3d75809f98c037b070433650f1ee51dd3d72050a07125219e38dbfb23f,integrated_gradients,blur,insertion,0.8188330247998238,0,"[0.0, 0.1, 0.2, 0.30000000000000004, 0.4, 0.5, 0.6000000000000001, 0.7000000000000001, 0.8, 0.9, 1.0]","[0.04512253403663635, 0.10531985014677048, 0.587844729423523, 0.9750037789344788, 0.9999097585678101, 0.9999878406524658, 0.9999871253967285, 0.9999394416809082, 0.9993005990982056, 0.9989495873451233, 0.9990523457527161]",cuda
0433dd299de45a23b95d87a269e1bea72d522594c3401d6ecbcfc42d6c0ce903,gradcam,mean,deletion,0.9153388619422913,1,"[0.0, 0.1, 0.2, 0.30000000000000004, 0.4, 0.5, 0.6000000000000001, 0.7000000000000001, 0.8, 0.9, 1.0]","[1.0, 0.9999980926513672, 0.9999949932098389, 0.999906063079834, 0.9982336759567261, 0.9982971549034119, 0.999347984790802, 0.9997418522834778, 0.9986440539360046, 0.19893084466457367, 0.9205878973007202]",cuda
0433dd299de45a23b95d87a269e1bea72d522594c3401d6ecbcfc42d6c0ce903,gradcam,mean,insertion,0.9951025843620301,1,"[0.0, 0.1, 0.2, 0.30000000000000004, 0.4, 0.5, 0.6000000000000001, 0.7000000000000001, 0.8, 0.9, 1.0]","[0.9205878973007202, 0.9919852018356323, 0.999638557434082, 0.9995377063751221, 0.9997753500938416, 0.9999064207077026, 0.9999240636825562, 0.9999791383743286, 0.9999945163726807, 0.9999909400939941, 1.0]",cuda
0433dd299de45a23b95d87a269e1bea72d522594c3401d6ecbcfc42d6c0ce903,gradcam,blur,deletion,0.8720535516738892,1,"[0.0, 0.1, 0.2, 0.30000000000000004, 0.4, 0.5, 0.6000000000000001, 0.7000000000000001, 0.8, 0.9, 1.0]","[1.0, 0.9999973773956299, 0.9999545812606812, 0.999428927898407, 0.9518219828605652, 0.7783201336860657, 0.9856715798377991, 0.8692863583564758, 0.5736668109893799, 0.6355936527252197, 0.8535882830619812]",cuda
0433dd299de45a23b95d87a269e1bea72d522594c3401d6ecbcfc42d6c0ce903,gradcam,blur,insertion,0.9924194395542145,1,"[0.0, 0.1, 0.2, 0.30000000000000004, 0.4, 0.5, 0.6000000000000001, 0.7000000000000001, 0.8, 0.9, 1.0]","[0.8535882830619812, 0.9974631071090698, 0.9999809265136719, 0.9999642372131348, 0.9999948740005493, 0.9999979734420776, 0.9999991655349731, 1.0, 1.0, 1.0, 1.0]",cuda
0433dd299de45a23b95d87a269e1bea72d522594c3401d6ecbcfc42d6c0ce903,integrated_gradients,mean,deletion,0.8663626790046692,1,"[0.0, 0.1, 0.2, 0.30000000000000004, 0.4, 0.5, 0.6000000000000001, 0.7000000000000001, 0.8, 0.9, 1.0]","[1.0, 0.9999998807907104, 0.9999969005584717, 0.999897837638855, 0.9944794178009033, 0.9972242116928101, 0.9965264201164246, 0.9682571291923523, 0.646760880947113, 0.10019021481275558, 0.9205878973007202]",cuda
0433dd299de45a23b95d87a269e1bea72d522594c3401d6ecbcfc42d6c0ce903,integrated_gradients,mean,insertion,0.8499945580959319,1,"[0.0, 0.1, 0.2, 0.30000000000000004, 0.4, 0.5, 0.6000000000000001, 0.7000000000000001, 0.8, 0.9, 1.0]","[0.9205878973007202, 0.09550484269857407, 0.4891977906227112, 0.9932162165641785, 0.9685072302818298, 0.9954569339752197, 0.9987718462944031, 0.9996360540390015, 0.9994174242019653, 0.9999432563781738, 1.0]",cuda
0433dd299de45a23b95d87a269e1bea72d522594c3401d6ecbcfc42d6c0ce903,integrated_gradients,blur,deletion,0.9846244812011719,1,"[0.0, 0.1, 0.2, 0.30000000000000004, 0.4, 0.5, 0.6000000000000001, 0.7000000000000001, 0.8, 0.9, 1.0]","[1.0, 1.0, 0.9999994039535522, 0.9999996423721313, 0.9999957084655762, 0.9999912977218628, 0.9999877214431763, 0.9998825788497925, 0.9992921352386475, 0.9203022122383118, 0.8535882830619812]",cuda
0433dd299de45a23b95d87a269e1bea72d522594c3401d6ecbcfc42d6c0ce903,integrated_gradients,blur,insertion,0.9894341409206391,1,"[0.0, 0.1, 0.2, 0.30000000000000004, 0.4, 0.5, 0.6000000000000001, 0.7000000000000001, 0.8, 0.9, 1.0]","[0.8535882830619812, 0.9685990214347839, 0.9998642206192017, 0.9997240900993347, 0.9995222091674805, 0.9999706745147705, 0.9999657869338989, 0.9999730587005615, 0.9999282360076904, 1.0, 1.0]",cuda
04a84209e39d733e7da4ccc9435314444e4f2eb639f3343383b346ac2036db61,gradcam,mean,deletion,0.9415050506591798,1,"[0.0, 0.1, 0.2, 0.30000000000000004, 0.4, 0.5, 0.6000000000000001, 0.7000000000000001, 0.8, 0.9, 1.0]","[1.0, 1.0, 0.9999967813491821, 0.9985132813453674, 0.9980061650276184, 0.9988093376159668, 0.9990069270133972, 0.9960577487945557, 0.985285222530365, 0.7267991304397583, 0.4251517653465271]",cuda
04a84209e39d733e7da4ccc9435314444e4f2eb639f3343383b346ac2036db61,gradcam,mean,insertion,0.9670020103454591,1,"[0.0, 0.1, 0.2, 0.30000000000000004, 0.4, 0.5, 0.6000000000000001, 0.7000000000000001, 0.8, 0.9, 1.0]","[0.4251517653465271, 0.9579579830169678, 0.9998342990875244, 0.9999454021453857, 0.9999730587005615, 0.9998770952224731, 0.99985671043396, 0.9999996423721313, 1.0, 1.0, 1.0]",cuda
04a84209e39d733e7da4ccc9435314444e4f2eb639f3343383b346ac2036db61,gradcam,blur,deletion,0.897890430688858,1,"[0.0, 0.1, 0.2, 0.30000000000000004, 0.4, 0.5, 0.6000000000000001, 0.7000000000000001, 0.8, 0.9, 1.0]","[1.0, 1.0, 0.9999997615814209, 0.9999790191650391, 0.9999336004257202, 0.9997873902320862, 0.9924389123916626, 0.9960950016975403, 0.7535293102264404, 0.4575072228908539, 0.5592679977416992]",cuda
04a84209e39d733e7da4ccc9435314444e4f2eb639f3343383b346ac2036db61,gradcam,blur,insertion,0.9405102968215941,1,"[0.0, 0.1, 0.2, 0.30000000000000004, 0.4, 0.5, 0.6000000000000001, 0.7000000000000001, 0.8, 0.9, 1.0]","[0.5592679977416992, 0.6278673410415649, 0.9982903599739075, 0.9993163347244263, 0.9999955892562866, 0.9999992847442627, 1.0, 1.0, 1.0, 1.0, 1.0]",cuda
04a84209e39d733e7da4ccc9435314444e4f2eb639f3343383b346ac2036db61,integrated_gradients,mean,deletion,0.7890087127685547,1,"[0.0, 0.1, 0.2, 0.30000000000000004, 0.4, 0.5, 0.6000000000000001, 0.7000000000000001, 0.8, 0.9, 1.0]","[1.0, 1.0, 0.9825661182403564, 0.31182608008384705, 0.15346266329288483, 0.9852561950683594, 0.9807199835777283, 0.9690770506858826, 0.9911068081855774, 0.8034963011741638, 0.4251517653465271]",cuda
04a84209e39d733e7da4ccc9435314444e4f2eb639f3343383b346ac2036db61,integrated_gradients,mean,insertion,0.9545100510120391,1,"[0.0, 0.1, 0.2, 0.30000000000000004, 0.4, 0.5, 0.6000000000000001, 0.7000000000000001, 0.8, 0.9, 1.0]","[0.4251517653465271, 0.9851270318031311, 0.9996504783630371, 0.9974935054779053, 0.9963077306747437, 0.9646276831626892, 0.9110779166221619, 0.990481972694397, 0.9877596497535706, 0.9999986886978149, 1.0]",cuda
04a84209e39d733e7da4ccc9435314444e4f2eb639f3343383b346ac2036db61,integrated_gradients,blur,deletion,0.6113903991878034,1,"[0.0, 0.1, 0.2, 0.30000000000000004, 0.4, 0.5, 0.6000000000000001, 0.7000000000000001, 0.8, 0.9, 1.0]","[1.0, 1.0, 1.0, 0.9999985694885254, 0.9945204854011536, 0.6762532591819763, 0.022766321897506714, 0.022165855392813683, 0.062010619789361954, 0.556554913520813, 0.5592679977416992]",cuda
04a84209e39d733e7da4ccc9435314444e4f2eb639f3343383b346ac2036db61,integrated_gradients,blur,insertion,0.9677169024944305,1,"[0.0, 0.1, 0.2, 0.30000000000000004, 0.4, 0.5, 0.6000000000000001, 0.7000000000000001, 0.8, 0.9, 1.0]","[0.5592679977416992, 0.9592377543449402, 0.973457932472229, 0.988336980342865, 0.9829095602035522, 0.993701696395874, 0.9998952150344849, 0.9999959468841553, 1.0, 1.0, 1.0]",cuda
04eeb4e3f62918fb6ace5a4396df1491a8560d33d2dc39dbd87ed75f92901dab,gradcam,mean,deletion,0.6536712184548379,0,"[0.0, 0.1, 0.2, 0.30000000000000004, 0.4, 0.5, 0.6000000000000001, 0.7000000000000001, 0.8, 0.9, 1.0]","[0.9989638328552246, 0.9999709129333496, 0.9998424053192139, 0.9977157115936279, 0.9036386609077454, 0.7582257390022278, 0.1497381329536438, 0.1067400872707367, 0.1415868103504181, 0.7842404246330261, 0.39106285572052]",cuda
04eeb4e3f62918fb6ace5a4396df1491a8560d33d2dc39dbd87ed75f92901dab,gradcam,mean,insertion,0.7687846720218658,0,"[0.0, 0.1, 0.2, 0.30000000000000004, 0.4, 0.5, 0.6000000000000001, 0.7000000000000001, 0.8, 0.9, 1.0]","[0.39106285572052, 0.14575128257274628, 0.20166976749897003, 0.6578025817871094, 0.9951285123825073, 0.9976100921630859, 0.9960175156593323, 0.9993507266044617, 0.9996101260185242, 0.9998928308486938, 0.9989638328552246]",cuda
04eeb4e3f62918fb6ace5a4396df1491a8560d33d2dc39dbd87ed75f92901dab,gradcam,blur,deletion,0.9356065928936006,0,"[0.0, 0.1, 0.2, 0.30000000000000004, 0.4, 0.5, 0.6000000000000001, 0.7000000000000001, 0.8, 0.9, 1.0]","[0.9989638328552246, 0.9993336796760559, 0.9989689588546753, 0.9989029169082642, 0.9979358911514282, 0.9961399435997009, 0.9798488020896912, 0.9607649445533752, 0.9202723503112793, 0.8260769248008728, 0.35667920112609863]",cuda
04eeb4e3f62918fb6ace5a4396df1491a8560d33d2dc39dbd87ed75f92901dab,gradcam,blur,insertion,0.9515113949775695,0,"[0.0, 0.1, 0.2, 0.30000000000000004, 0.4, 0.5, 0.6000000000000001, 0.7000000000000001, 0.8, 0.9, 1.0]","[0.35667920112609863, 0.9731841683387756, 0.917373776435852, 0.9913831353187561, 0.9989676475524902, 0.9994120597839355, 0.9927282333374023, 0.9928677082061768, 0.9907320141792297, 0.9806437492370605, 0.9989638328552246]",cuda
04eeb4e3f62918fb6ace5a4396df1491a8560d33d2dc39dbd87ed75f92901dab,integrated_gradients,mean,deletion,0.7120560422539711,0,"[0.0, 0.1, 0.2, 0.30000000000000004, 0.4, 0.5, 0.6000000000000001, 0.7000000000000001, 0.8, 0.9, 1.0]","[0.9989638328552246, 0.9999828338623047, 0.9974433183670044, 0.996319055557251, 0.9966076612472534, 0.937172532081604, 0.8971434831619263, 0.09051334112882614, 0.37985357642173767, 0.13051125407218933, 0.39106285572052]",cuda
04eeb4e3f62918fb6ace5a4396df1491a8560d33d2dc39dbd87ed75f92901dab,integrated_gradients,mean,insertion,0.8059334278106689,0,"[0.0, 0.1, 0.2, 0.30000000000000004, 0.4, 0.5, 0.6000000000000001, 0.7000000000000001, 0.8, 0.9, 1.0]","[0.39106285572052, 0.4428626596927643, 0.3422379493713379, 0.7735324501991272, 0.9264964461326599, 0.9723913073539734, 0.9523023962974548, 0.9633561968803406, 0.9964415431022644, 0.9947000741958618, 0.9989638328552246]",cuda
04eeb4e3f62918fb6ace5a4396df1491a8560d33d2dc39dbd87ed75f92901dab,integrated_gradients,blur,deletion,0.9360971868038178,0,"[0.0, 0.1, 0.2, 0.30000000000000004, 0.4, 0.5, 0.6000000000000001, 0.7000000000000001, 0.8, 0.9, 1.0]","[0.9989638328552246, 0.9998701810836792, 0.9997265934944153, 0.9992960691452026, 0.9920415282249451, 0.9830659627914429, 0.9848663210868835, 0.9863965511322021, 0.977473795413971, 0.760413408279419, 0.35667920112609863]",cuda
04eeb4e3f62918fb6ace5a4396df1491a8560d33d2dc39dbd87ed75f92901dab,integrated_gradients,blur,insertion,0.9151471585035323,0,"[0.0, 0.1, 0.2, 0.30000000000000004, 0.4, 0.5, 0.6000000000000001, 0.7000000000000001, 0.8, 0.9, 1.0]","[0.35667920112609863, 0.528339684009552, 0.9761644601821899, 0.9741621017456055, 0.9986234903335571, 0.9982873797416687, 0.9986017346382141, 0.9997499585151672, 0.9997298121452332, 0.9999914169311523, 0.9989638328552246]",cuda
05adbdc823a9cdb4f3c82f1d384d53157ae2e91192d1695ba344b188f525b30e,gradcam,mean,deletion,0.6910947442054749,1,"[0.0, 0.1, 0.2, 0.30000000000000004, 0.4, 0.5, 0.6000000000000001, 0.7000000000000001, 0.8, 0.9, 1.0]","[1.0, 0.9963054656982422, 0.999823272228241, 0.5510412454605103, 0.9694420099258423, 0.9877942800521851, 0.9569190740585327, 0.1858561635017395, 0.35122761130332947, 0.2819750905036926, 0.26112645864486694]",cuda
05adbdc823a9cdb4f3c82f1d384d53157ae2e91192d1695ba344b188f525b30e,gradcam,mean,insertion,0.9164674878120422,1,"[0.0, 0.1, 0.2, 0.30000000000000004, 0.4, 0.5, 0.6000000000000001, 0.7000000000000001, 0.8, 0.9, 1.0]","[0.26112645864486694, 0.5959232449531555, 0.9970646500587463, 0.9796473979949951, 0.9975137710571289, 0.9664367437362671, 0.9975280165672302, 0.9999980926513672, 0.9999997615814209, 1.0, 1.0]",cuda
05adbdc823a9cdb4f3c82f1d384d53157ae2e91192d1695ba344b188f525b30e,gradcam,blur,deletion,0.8710074484348298,1,"[0.0, 0.1, 0.2, 0.30000000000000004, 0.4, 0.5, 0.6000000000000001, 0.7000000000000001, 0.8, 0.9, 1.0]","[1.0, 0.9999943971633911, 0.9999593496322632, 0.999303936958313, 0.9926279187202454, 0.9818020462989807, 0.8350422978401184, 0.5410761833190918, 0.48373574018478394, 0.8959835171699524, 0.9610980749130249]",cuda
05adbdc823a9cdb4f3c82f1d384d53157ae2e91192d1695ba344b188f525b30e,gradcam,blur,insertion,0.9693945705890655,1,"[0.0, 0.1, 0.2, 0.30000000000000004, 0.4, 0.5, 0.6000000000000001, 0.7000000000000001, 0.8, 0.9, 1.0]","[0.9610980749130249, 0.9053041338920593, 0.8755305409431458, 0.964451014995575, 0.9828604459762573, 0.9853670597076416, 0.9998886585235596, 0.9999949932098389, 0.9999998807907104, 1.0, 1.0]",cuda
05adbdc823a9cdb4f3c82f1d384d53157ae2e91192d1695ba344b188f525b30e,integrated_gradients,mean,deletion,0.3386646829545498,1,"[0.0, 0.1, 0.2, 0.30000000000000004, 0.4, 0.5, 0.6000000000000001, 0.7000000000000001, 0.8, 0.9, 1.0]","[1.0, 0.06621444970369339, 0.4364534318447113, 0.49833792448043823, 0.04069146141409874, 0.12760336697101593, 0.6677581071853638, 0.3631848096847534, 0.254337340593338, 0.3015027344226837, 0.26112645864486694]",cuda
05adbdc823a9cdb4f3c82f1d384d53157ae2e91192d1695ba344b188f525b30e,integrated_gradients,mean,insertion,0.8959908246994018,1,"[0.0, 0.1, 0.2, 0.30000000000000004, 0.4, 0.5, 0.6000000000000001, 0.7000000000000001, 0.8, 0.9, 1.0]","[0.26112645864486694, 0.9418430328369141, 0.9996052384376526, 0.9479796290397644, 0.9320995807647705, 0.96367347240448, 0.9513942003250122, 0.639143705368042, 0.954214870929718, 0.9993913173675537, 1.0]",cuda
05adbdc823a9cdb4f3c82f1d384d53157ae2e91192d1695ba344b188f525b30e,integrated_gradients,blur,deletion,0.8747937619686127,1,"[0.0, 0.1, 0.2, 0.30000000000000004, 0.4, 0.5, 0.6000000000000001, 0.7000000000000001, 0.8, 0.9, 1.0]","[1.0, 1.0, 0.9999772310256958, 0.9987432360649109, 0.9883185625076294, 0.9410828351974487, 0.950254499912262, 0.7719551920890808, 0.7931103706359863, 0.32394665479660034, 0.9610980749130249]",cuda
05adbdc823a9cdb4f3c82f1d384d53157ae2e91192d1695ba344b188f525b30e,integrated_gradients,blur,insertion,0.7734207928180695,1,"[0.0, 0.1, 0.2, 0.30000000000000004, 0.4, 0.5, 0.6000000000000001, 0.7000000000000001, 0.8, 0.9, 1.0]","[0.9610980749130249, 0.9685995578765869, 0.7485125064849854, 0.7268370389938354, 0.246779203414917, 0.3636198043823242, 0.6997905969619751, 0.9995279312133789, 0.9999923706054688, 0.9999998807907104, 1.0]",cuda
05c1db4ce7c4f8ebfe80bb0375a7b2ab34a44cd4077fe3ecc918562913fa18fe,gradcam,mean,deletion,0.4665708056068979,0,"[0.0, 0.1, 0.2, 0.30000000000000004, 0.4, 0.5, 0.6000000000000001, 0.7000000000000001, 0.8, 0.9, 1.0]","[0.9997368454933167, 0.7535988092422485, 0.7362443804740906, 0.6542075872421265, 0.9122858643531799, 0.24783171713352203, 0.032126229256391525, 0.0024753615725785494, 0.0013380437158048153, 0.5025486350059509, 0.6463659405708313]",cuda
05c1db4ce7c4f8ebfe80bb0375a7b2ab34a44cd4077fe3ecc918562913fa18fe,gradcam,mean,insertion,0.8110106885433197,0,"[0.0, 0.1, 0.2, 0.30000000000000004, 0.4, 0.5, 0.6000000000000001, 0.7000000000000001, 0.8, 0.9, 1.0]","[0.6463659405708313, 0.5899670124053955, 0.2550022602081299, 0.7425270080566406, 0.8803321719169617, 0.9402562379837036, 0.918318510055542, 0.9886245727539062, 0.9726777076721191, 0.9993500113487244, 0.9997368454933167]",cuda
05c1db4ce7c4f8ebfe80bb0375a7b2ab34a44cd4077fe3ecc918562913fa18fe,gradcam,blur,deletion,0.42878042832016944,0,"[0.0, 0.1, 0.2, 0.30000000000000004, 0.4, 0.5, 0.6000000000000001, 0.7000000000000001, 0.8, 0.9, 1.0]","[0.9997368454933167, 0.9953557252883911, 0.9296863079071045, 0.9052171111106873, 0.5024232864379883, 0.2920195460319519, 0.06289064884185791, 0.012564622797071934, 0.017869114875793457, 0.02386641316115856, 0.09208598732948303]",cuda
05c1db4ce7c4f8ebfe80bb0375a7b2ab34a44cd4077fe3ecc918562913fa18fe,gradcam,blur,insertion,0.928376579284668,0,"[0.0, 0.1, 0.2, 0.30000000000000004, 0.4, 0.5, 0.6000000000000001, 0.7000000000000001, 0.8, 0.9, 1.0]","[0.09208598732948303, 0.7394216060638428, 0.9990307092666626, 0.9999097585678101, 0.9999974966049194, 0.9999978542327881, 0.9999980926513672, 0.9999978542327881, 0.9999457597732544, 0.9995552897453308, 0.9997368454933167]",cuda
05c1db4ce7c4f8ebfe80bb0375a7b2ab34a44cd4077fe3ecc918562913fa18fe,integrated_gradients,mean,deletion,0.6903795897960664,0,"[0.0, 0.1, 0.2, 0.30000000000000004, 0.4, 0.5, 0.6000000000000001, 0.7000000000000001, 0.8, 0.9, 1.0]","[0.9997368454933167, 0.9305782914161682, 0.9879158735275269, 0.987820029258728, 0.7827406525611877, 0.9207176566123962, 0.7965407371520996, 0.5143793225288391, 0.13509772717952728, 0.02495414763689041, 0.6463659405708313]",cuda
05c1db4ce7c4f8ebfe80bb0375a7b2ab34a44cd4077fe3ecc918562913fa18fe,integrated_gradients,mean,insertion,0.7427026607096194,0,"[0.0, 0.1, 0.2, 0.30000000000000004, 0.4, 0.5, 0.6000000000000001, 0.7000000000000001, 0.8, 0.9, 1.0]","[0.6463659405708313, 0.9020558595657349, 0.10672204941511154, 0.08356382697820663, 0.743402361869812, 0.9403729438781738, 0.9962692260742188, 0.9674360752105713, 0.8708944916725159, 0.9932584762573242, 0.9997368454933167]",cuda
05c1db4ce7c4f8ebfe80bb0375a7b2ab34a44cd4077fe3ecc918562913fa18fe,integrated_gradients,blur,deletion,0.9013043522834778,0,"[0.0, 0.1, 0.2, 0.30000000000000004, 0.4, 0.5, 0.6000000000000001, 0.7000000000000001, 0.8, 0.9, 1.0]","[0.9997368454933167, 0.9999475479125977, 0.9999630451202393, 0.9999555349349976, 0.9998596906661987, 0.9999164342880249, 0.9987138509750366, 0.9990814924240112, 0.9897568821907043, 0.4799376130104065, 0.09208598732948303]",cuda
05c1db4ce7c4f8ebfe80bb0375a7b2ab34a44cd4077fe3ecc918562913fa18fe,integrated_gradients,blur,insertion,0.7498507663607596,0,"[0.0, 0.1, 0.2, 0.30000000000000004, 0.4, 0.5, 0.6000000000000001, 0.7000000000000001, 0.8, 0.9, 1.0]","[0.09208598732948303, 0.04605633392930031, 0.12267786264419556, 0.7918159365653992, 0.9980892539024353, 0.9998204112052917, 0.9974920749664307, 0.9967812299728394, 0.9999547004699707, 0.999908447265625, 0.9997368454933167]",cuda
05dc467b684b527915d1789fd8f233d6e53246114e21a54ffb072569422bf6ea,gradcam,mean,deletion,0.6086160665843636,0,"[0.0, 0.1, 0.2, 0.30000000000000004, 0.4, 0.5, 0.6000000000000001, 0.7000000000000001, 0.8, 0.9, 1.0]","[0.999968409538269, 0.9709575176239014, 0.9432403445243835, 0.8327053785324097, 0.9260063171386719, 0.9484937787055969, 0.50677490234375, 0.004180246498435736, 0.0032899745274335146, 0.01448226347565651, 0.8720915913581848]",cuda
05dc467b684b527915d1789fd8f233d6e53246114e21a54ffb072569422bf6ea,gradcam,mean,insertion,0.6043618813157082,0,"[0.0, 0.1, 0.2, 0.30000000000000004, 0.4, 0.5, 0.6000000000000001, 0.7000000000000001, 0.8, 0.9, 1.0]","[0.8720915913581848, 0.0047885701060295105, 0.6164647936820984, 0.08126629889011383, 0.0664602667093277, 0.3687293827533722, 0.9839351773262024, 0.9987230896949768, 0.9883967041969299, 0.9988245368003845, 0.999968409538269]",cuda
05dc467b684b527915d1789fd8f233d6e53246114e21a54ffb072569422bf6ea,gradcam,blur,deletion,0.9146311163902283,0,"[0.0, 0.1, 0.2, 0.30000000000000004, 0.4, 0.5, 0.6000000000000001, 0.7000000000000001, 0.8, 0.9, 1.0]","[0.999968409538269, 0.9982969164848328, 0.9991939663887024, 0.9999517202377319, 0.9999266862869263, 0.9928962588310242, 0.974448025226593, 0.9110813736915588, 0.6875931024551392, 0.7281472682952881, 0.7095833420753479]",cuda
05dc467b684b527915d1789fd8f233d6e53246114e21a54ffb072569422bf6ea,gradcam,blur,insertion,0.9658155560493469,0,"[0.0, 0.1, 0.2, 0.30000000000000004, 0.4, 0.5, 0.6000000000000001, 0.7000000000000001, 0.8, 0.9, 1.0]","[0.7095833420753479, 0.9118853807449341, 0.9171655774116516, 0.9954350590705872, 0.9803917407989502, 0.9986165761947632, 0.9999349117279053, 0.9999809265136719, 0.9999964237213135, 0.9999730587005615, 0.999968409538269]",cuda
05dc467b684b527915d1789fd8f233d6e53246114e21a54ffb072569422bf6ea,integrated_gradients,mean,deletion,0.505441053956747,0,"[0.0, 0.1, 0.2, 0.30000000000000004, 0.4, 0.5, 0.6000000000000001, 0.7000000000000001, 0.8, 0.9, 1.0]","[0.999968409538269, 0.9087750315666199, 0.9582709670066833, 0.5846331119537354, 0.9663310647010803, 0.29540908336639404, 0.05121888592839241, 0.16572529077529907, 0.08493747562170029, 0.10307961702346802, 0.8720915913581848]",cuda
05dc467b684b527915d1789fd8f233d6e53246114e21a54ffb072569422bf6ea,integrated_gradients,mean,insertion,0.6577370472252368,0,"[0.0, 0.1, 0.2, 0.30000000000000004, 0.4, 0.5, 0.6000000000000001, 0.7000000000000001, 0.8, 0.9, 1.0]","[0.8720915913581848, 0.05168319493532181, 0.0352671779692173, 0.9661689400672913, 0.9775699377059937, 0.2688319981098175, 0.4710468649864197, 0.922247588634491, 0.9491165280342102, 0.9994082450866699, 0.999968409538269]",cuda
05dc467b684b527915d1789fd8f233d6e53246114e21a54ffb072569422bf6ea,integrated_gradients,blur,deletion,0.9572636485099791,0,"[0.0, 0.1, 0.2, 0.30000000000000004, 0.4, 0.5, 0.6000000000000001, 0.7000000000000001, 0.8, 0.9, 1.0]","[0.999968409538269, 0.9999974966049194, 0.999998927116394, 0.9999991655349731, 0.9999984502792358, 0.999992847442627, 0.9999597072601318, 0.9997979998588562, 0.9733755588531494, 0.74474036693573, 0.7095833420753479]",cuda
05dc467b684b527915d1789fd8f233d6e53246114e21a54ffb072569422bf6ea,integrated_gradients,blur,insertion,0.9268514037132263,0,"[0.0, 0.1, 0.2, 0.30000000000000004, 0.4, 0.5, 0.6000000000000001, 0.7000000000000001, 0.8, 0.9, 1.0]","[0.7095833420753479, 0.7016113996505737, 0.773177444934845, 0.9687895178794861, 0.9918707609176636, 0.9817764163017273, 0.9975796341896057, 0.9989632368087769, 0.9999713897705078, 0.9999983310699463, 0.999968409538269]",cuda
06d1a783bf3604fe3976adcc2fce4132cb320a5f1d9bf6f3a167369ffdff1cd7,gradcam,mean,deletion,0.4654391944408417,0,"[0.0, 0.1, 0.2, 0.30000000000000004, 0.4, 0.5, 0.6000000000000001, 0.7000000000000001, 0.8, 0.9, 1.0]","[0.9991725087165833, 0.5182665586471558, 0.9591295123100281, 0.8170751929283142, 0.5812882781028748, 0.2957451343536377, 0.17236082255840302, 0.07526455074548721, 0.14004956185817719, 0.14355814456939697, 0.9041358828544617]",cuda
06d1a783bf3604fe3976adcc2fce4132cb320a5f1d9bf6f3a167369ffdff1cd7,gradcam,mean,insertion,0.7525423198938369,0,"[0.0, 0.1, 0.2, 0.30000000000000004, 0.4, 0.5, 0.6000000000000001, 0.7000000000000001, 0.8, 0.9, 1.0]","[0.9041358828544617, 0.5061312913894653, 0.27221551537513733, 0.1845032274723053, 0.9514263272285461, 0.9619947671890259, 0.9879763722419739, 0.7816757559776306, 0.9291084408760071, 0.9987372756004333, 0.9991725087165833]",cuda
06d1a783bf3604fe3976adcc2fce4132cb320a5f1d9bf6f3a167369ffdff1cd7,gradcam,blur,deletion,0.6279295280575753,0,"[0.0, 0.1, 0.2, 0.30000000000000004, 0.4, 0.5, 0.6000000000000001, 0.7000000000000001, 0.8, 0.9, 1.0]","[0.9991725087165833, 0.9965728521347046, 0.9842019081115723, 0.9611205458641052, 0.8394497632980347, 0.8500015735626221, 0.7449728846549988, 0.1553492397069931, 0.16540007293224335, 0.008019428700208664, 0.1492413729429245]",cuda
06d1a783bf3604fe3976adcc2fce4132cb320a5f1d9bf6f3a167369ffdff1cd7,gradcam,blur,insertion,0.9574009001255037,0,"[0.0, 0.1, 0.2, 0.30000000000000004, 0.4, 0.5, 0.6000000000000001, 0.7000000000000001, 0.8, 0.9, 1.0]","[0.1492413729429245, 0.9998893737792969, 0.9999657869338989, 0.9999912977218628, 0.9999916553497314, 0.9999858140945435, 0.9999910593032837, 0.9999963045120239, 0.9999991655349731, 0.9999916553497314, 0.9991725087165833]",cuda
06d1a783bf3604fe3976adcc2fce4132cb320a5f1d9bf6f3a167369ffdff1cd7,integrated_gradients,mean,deletion,0.5950779043138027,0,"[0.0, 0.1, 0.2, 0.30000000000000004, 0.4, 0.5, 0.6000000000000001, 0.7000000000000001, 0.8, 0.9, 1.0]","[0.9991725087165833, 0.961764395236969, 0.9044967889785767, 0.5447295308113098, 0.7522426843643188, 0.78994220495224, 0.5002261996269226, 0.3026583194732666, 0.09958145022392273, 0.1434832066297531, 0.9041358828544617]",cuda
06d1a783bf3604fe3976adcc2fce4132cb320a5f1d9bf6f3a167369ffdff1cd7,integrated_gradients,mean,insertion,0.501646339148283,0,"[0.0, 0.1, 0.2, 0.30000000000000004, 0.4, 0.5, 0.6000000000000001, 0.7000000000000001, 0.8, 0.9, 1.0]","[0.9041358828544617, 0.1771719604730606, 0.2105538696050644, 0.03126527741551399, 0.09142308682203293, 0.28580889105796814, 0.6973824501037598, 0.9796587228775024, 0.6075938940048218, 0.9839509725570679, 0.9991725087165833]",cuda
06d1a783bf3604fe3976adcc2fce4132cb320a5f1d9bf6f3a167369ffdff1cd7,integrated_gradients,blur,deletion,0.9152318984270096,0,"[0.0, 0.1, 0.2, 0.30000000000000004, 0.4, 0.5, 0.6000000000000001, 0.7000000000000001, 0.8, 0.9, 1.0]","[0.9991725087165833, 0.9999898672103882, 0.9999971389770508, 0.9999984502792358, 0.9999995231628418, 0.9999984502792358, 0.9999948740005493, 0.9999896287918091, 0.9981990456581116, 0.5799449682235718, 0.1492413729429245]",cuda
06d1a783bf3604fe3976adcc2fce4132cb320a5f1d9bf6f3a167369ffdff1cd7,integrated_gradients,blur,insertion,0.5211986303329468,0,"[0.0, 0.1, 0.2, 0.30000000000000004, 0.4, 0.5, 0.6000000000000001, 0.7000000000000001, 0.8, 0.9, 1.0]","[0.1492413729429245, 0.1307539939880371, 0.15977336466312408, 0.045987848192453384, 0.04811931401491165, 0.35125795006752014, 0.9583476781845093, 0.9562407732009888, 0.9887875914573669, 0.9985108971595764, 0.9991725087165833]",cuda
0732573a6de97333d8c235f1775a591cceda1b5e37cd57c7e3ce2aada8dedf3f,gradcam,mean,deletion,0.8532386600971222,0,"[0.0, 0.1, 0.2, 0.30000000000000004, 0.4, 0.5, 0.6000000000000001, 0.7000000000000001, 0.8, 0.9, 1.0]","[0.9999263286590576, 0.9876266121864319, 0.9268246293067932, 0.9618362784385681, 0.9714857935905457, 0.9341462254524231, 0.9881880879402161, 0.9373148679733276, 0.5374175906181335, 0.5028272867202759, 0.5695122480392456]",cuda
0732573a6de97333d8c235f1775a591cceda1b5e37cd57c7e3ce2aada8dedf3f,gradcam,mean,insertion,0.8838634550571441,0,"[0.0, 0.1, 0.2, 0.30000000000000004, 0.4, 0.5, 0.6000000000000001, 0.7000000000000001, 0.8, 0.9, 1.0]","[0.5695122480392456, 0.333947092294693, 0.9151990413665771, 0.9294453859329224, 0.9454458355903625, 0.9704011082649231, 0.9792259931564331, 0.9956121444702148, 0.9896818995475769, 0.9949566721916199, 0.9999263286590576]",cuda
0732573a6de97333d8c235f1775a591cceda1b5e37cd57c7e3ce2aada8dedf3f,gradcam,blur,deletion,0.8955228865146637,0,"[0.0, 0.1, 0.2, 0.30000000000000004, 0.4, 0.5, 0.6000000000000001, 0.7000000000000001, 0.8, 0.9, 1.0]","[0.9999263286590576, 0.9997125267982483, 0.9998266100883484, 0.999142050743103, 0.9960992336273193, 0.9966703057289124, 0.9749720692634583, 0.8357697129249573, 0.7704896330833435, 0.7195597290992737, 0.3260478377342224]",cuda
0732573a6de97333d8c235f1775a591cceda1b5e37cd57c7e3ce2aada8dedf3f,gradcam,blur,insertion,0.964890682697296,0,"[0.0, 0.1, 0.2, 0.30000000000000004, 0.4, 0.5, 0.6000000000000001, 0.7000000000000001, 0.8, 0.9, 1.0]","[0.3260478377342224, 0.9901172518730164, 0.9996083378791809, 0.9990109205245972, 0.999345600605011, 0.999464213848114, 0.9985653758049011, 0.9998862743377686, 0.9999580383300781, 0.999963641166687, 0.9999263286590576]",cuda
0732573a6de97333d8c235f1775a591cceda1b5e37cd57c7e3ce2aada8dedf3f,integrated_gradients,mean,deletion,0.8215169310569764,0,"[0.0, 0.1, 0.2, 0.30000000000000004, 0.4, 0.5, 0.6000000000000001, 0.7000000000000001, 0.8, 0.9, 1.0]","[0.9999263286590576, 0.9618897438049316, 0.9988705515861511, 0.9969197511672974, 0.9590626955032349, 0.9513466954231262, 0.9893653392791748, 0.9647588133811951, 0.5561070442199707, 0.05212933197617531, 0.5695122480392456]",cuda
0732573a6de97333d8c235f1775a591cceda1b5e37cd57c7e3ce2aada8dedf3f,integrated_gradients,mean,insertion,0.6984791144728661,0,"[0.0, 0.1, 0.2, 0.30000000000000004, 0.4, 0.5, 0.6000000000000001, 0.7000000000000001, 0.8, 0.9, 1.0]","[0.5695122480392456, 0.04667889326810837, 0.04728011041879654, 0.9496126174926758, 0.9973920583724976, 0.9889023900032043, 0.992469847202301, 0.7645567655563354, 0.4856993556022644, 0.9274797439575195, 0.9999263286590576]",cuda
0732573a6de97333d8c235f1775a591cceda1b5e37cd57c7e3ce2aada8dedf3f,integrated_gradients,blur,deletion,0.9574099242687226,0,"[0.0, 0.1, 0.2, 0.30000000000000004, 0.4, 0.5, 0.6000000000000001, 0.7000000000000001, 0.8, 0.9, 1.0]","[0.9999263286590576, 0.9994599223136902, 0.9998997449874878, 0.9997218251228333, 0.9998371601104736, 0.9992498755455017, 0.9851621985435486, 0.9898504018783569, 0.9574541449546814, 0.980476975440979, 0.3260478377342224]",cuda
0732573a6de97333d8c235f1775a591cceda1b5e37cd57c7e3ce2aada8dedf3f,integrated_gradients,blur,insertion,0.9659554421901703,0,"[0.0, 0.1, 0.2, 0.30000000000000004, 0.4, 0.5, 0.6000000000000001, 0.7000000000000001, 0.8, 0.9, 1.0]","[0.3260478377342224, 0.9966779947280884, 0.9999395608901978, 0.9999973773956299, 0.9999960660934448, 0.9999955892562866, 0.9999814033508301, 0.9999973773956299, 0.9999980926513672, 0.9999839067459106, 0.9999263286590576]",cuda
0792f27d6d1593edf81f7ae636b67e044c38f094f6b4b590edc9f0434d5b3b03,gradcam,mean,deletion,0.9425840735435486,1,"[0.0, 0.1, 0.2, 0.30000000000000004, 0.4, 0.5, 0.6000000000000001, 0.7000000000000001, 0.8, 0.9, 1.0]","[1.0, 0.999998927116394, 0.9991874098777771, 0.9959943294525146, 0.9463768601417542, 0.9500638842582703, 0.9573037624359131, 0.6857634782791138, 0.9607242345809937, 0.9304298162460327, 0.9999960660934448]",cuda
0792f27d6d1593edf81f7ae636b67e044c38f094f6b4b590edc9f0434d5b3b03,gradcam,mean,insertion,0.9863526761531829,1,"[0.0, 0.1, 0.2, 0.30000000000000004, 0.4, 0.5, 0.6000000000000001, 0.7000000000000001, 0.8, 0.9, 1.0]","[0.9999960660934448, 0.8948604464530945, 0.9995007514953613, 0.9999699592590332, 0.9871396422386169, 0.9966248273849487, 0.9993630051612854, 0.9988347887992859, 0.9874047636985779, 0.9998304843902588, 1.0]",cuda
0792f27d6d1593edf81f7ae636b67e044c38f094f6b4b590edc9f0434d5b3b03,gradcam,blur,deletion,0.81057767868042,1,"[0.0, 0.1, 0.2, 0.30000000000000004, 0.4, 0.5, 0.6000000000000001, 0.7000000000000001, 0.8, 0.9, 1.0]","[1.0, 1.0, 1.0, 1.0, 0.9999939203262329, 0.9989944100379944, 0.9764688014984131, 0.6959636807441711, 0.3780096173286438, 0.32653096318244934, 0.4596307873725891]",cuda
0792f27d6d1593edf81f7ae636b67e044c38f094f6b4b590edc9f0434d5b3b03,gradcam,blur,insertion,0.9410805106163025,1,"[0.0, 0.1, 0.2, 0.30000000000000004, 0.4, 0.5, 0.6000000000000001, 0.7000000000000001, 0.8, 0.9, 1.0]","[0.4596307873725891, 0.7595352530479431, 0.9337171316146851, 0.990476131439209, 0.9975885152816772, 0.9997091889381409, 0.9999639987945557, 0.9999995231628418, 1.0, 1.0, 1.0]",cuda
0792f27d6d1593edf81f7ae636b67e044c38f094f6b4b590edc9f0434d5b3b03,integrated_gradients,mean,deletion,0.9409488081932069,1,"[0.0, 0.1, 0.2, 0.30000000000000004, 0.4, 0.5, 0.6000000000000001, 0.7000000000000001, 0.8, 0.9, 1.0]","[1.0, 0.9999977350234985, 0.9342624545097351, 0.9866440892219543, 0.9439547657966614, 0.8834002614021301, 0.8466033935546875, 0.9810014367103577, 0.9988349080085754, 0.8347911238670349, 0.9999960660934448]",cuda
0792f27d6d1593edf81f7ae636b67e044c38f094f6b4b590edc9f0434d5b3b03,integrated_gradients,mean,insertion,0.9596638083457947,1,"[0.0, 0.1, 0.2, 0.30000000000000004, 0.4, 0.5, 0.6000000000000001, 0.7000000000000001, 0.8, 0.9, 1.0]","[0.9999960660934448, 0.9194318056106567, 0.9625913500785828, 0.9955267310142517, 0.9858807325363159, 0.9787032008171082, 0.9752137064933777, 0.8711562156677246, 0.9318720698356628, 0.976264238357544, 1.0]",cuda
0792f27d6d1593edf81f7ae636b67e044c38f094f6b4b590edc9f0434d5b3b03,integrated_gradients,blur,deletion,0.9428158164024354,1,"[0.0, 0.1, 0.2, 0.30000000000000004, 0.4, 0.5, 0.6000000000000001, 0.7000000000000001, 0.8, 0.9, 1.0]","[1.0, 1.0, 0.9999998807907104, 0.9999514818191528, 0.9951844811439514, 0.9996678829193115, 0.9956547021865845, 0.9920759201049805, 0.9158536791801453, 0.7999547123908997, 0.4596307873725891]",cuda
0792f27d6d1593edf81f7ae636b67e044c38f094f6b4b590edc9f0434d5b3b03,integrated_gradients,blur,insertion,0.8030241370201111,1,"[0.0, 0.1, 0.2, 0.30000000000000004, 0.4, 0.5, 0.6000000000000001, 0.7000000000000001, 0.8, 0.9, 1.0]","[0.4596307873725891, 0.3686464726924896, 0.24417275190353394, 0.8266169428825378, 0.8735928535461426, 0.9886899590492249, 0.9987154006958008, 0.999991774559021, 0.9999998807907104, 1.0, 1.0]",cuda
07b7d3baa1fc079cb4c777b1aeeacade94fbb6315a3b5f109d5b615549fd6b94,gradcam,mean,deletion,0.8791321694850921,1,"[0.0, 0.1, 0.2, 0.30000000000000004, 0.4, 0.5, 0.6000000000000001, 0.7000000000000001, 0.8, 0.9, 1.0]","[0.9999998807907104, 0.9986874461174011, 0.9920728802680969, 0.733587384223938, 0.4006491005420685, 0.9423971772193909, 0.9951707720756531, 0.9930346012115479, 0.9739894866943359, 0.7617330551147461, 0.9999996423721313]",cuda
07b7d3baa1fc079cb4c777b1aeeacade94fbb6315a3b5f109d5b615549fd6b94,gradcam,mean,insertion,0.954524940252304,1,"[0.0, 0.1, 0.2, 0.30000000000000004, 0.4, 0.5, 0.6000000000000001, 0.7000000000000001, 0.8, 0.9, 1.0]","[0.9999996423721313, 0.7869089841842651, 0.8247837424278259, 0.999276340007782, 0.997385561466217, 0.9996746778488159, 0.9982761144638062, 0.9390515685081482, 0.999893307685852, 0.9999994039535522, 0.9999998807907104]",cuda
07b7d3baa1fc079cb4c777b1aeeacade94fbb6315a3b5f109d5b615549fd6b94,gradcam,blur,deletion,0.641337050497532,1,"[0.0, 0.1, 0.2, 0.30000000000000004, 0.4, 0.5, 0.6000000000000001, 0.7000000000000001, 0.8, 0.9, 1.0]","[0.9999998807907104, 0.9995900988578796, 0.9923742413520813, 0.9138011932373047, 0.355347216129303, 0.9424070119857788, 0.9304659366607666, 0.41717639565467834, 0.2518909275531769, 0.04731685668230057, 0.1260015368461609]",cuda
07b7d3baa1fc079cb4c777b1aeeacade94fbb6315a3b5f109d5b615549fd6b94,gradcam,blur,insertion,0.8688647210597992,1,"[0.0, 0.1, 0.2, 0.30000000000000004, 0.4, 0.5, 0.6000000000000001, 0.7000000000000001, 0.8, 0.9, 1.0]","[0.1260015368461609, 0.6811243891716003, 0.7508019208908081, 0.7398655414581299, 0.9669044613838196, 0.9908663630485535, 0.9967604279518127, 0.9993402361869812, 0.999983549118042, 0.9999996423721313, 0.9999998807907104]",cuda
07b7d3baa1fc079cb4c777b1aeeacade94fbb6315a3b5f109d5b615549fd6b94,integrated_gradients,mean,deletion,0.6432795636355877,1,"[0.0, 0.1, 0.2, 0.30000000000000004, 0.4, 0.5, 0.6000000000000001, 0.7000000000000001, 0.8, 0.9, 1.0]","[0.9999998807907104, 0.14611096680164337, 0.08957305550575256, 0.8881524801254272, 0.553173303604126, 0.24895991384983063, 0.7126287221908569, 0.9301735162734985, 0.9254684448242188, 0.9385554790496826, 0.9999996423721313]",cuda
07b7d3baa1fc079cb4c777b1aeeacade94fbb6315a3b5f109d5b615549fd6b94,integrated_gradients,mean,insertion,0.8997122585773468,1,"[0.0, 0.1, 0.2, 0.30000000000000004, 0.4, 0.5, 0.6000000000000001, 0.7000000000000001, 0.8, 0.9, 1.0]","[0.9999996423721313, 0.7755302786827087, 0.9084659218788147, 0.9129737019538879, 0.8676550388336182, 0.8430159687995911, 0.896241307258606, 0.7944875359535217, 0.9987726807594299, 0.9999804496765137, 0.9999998807907104]",cuda
07b7d3baa1fc079cb4c777b1aeeacade94fbb6315a3b5f109d5b615549fd6b94,integrated_gradients,blur,deletion,0.49738445747643717,1,"[0.0, 0.1, 0.2, 0.30000000000000004, 0.4, 0.5, 0.6000000000000001, 0.7000000000000001, 0.8, 0.9, 1.0]","[0.9999998807907104, 0.9999734163284302, 0.9995328187942505, 0.994517982006073, 0.9688094258308411, 0.11255307495594025, 0.23520705103874207, 0.04839302599430084, 0.009503803215920925, 0.04235329106450081, 0.1260015368461609]",cuda
07b7d3baa1fc079cb4c777b1aeeacade94fbb6315a3b5f109d5b615549fd6b94,integrated_gradients,blur,insertion,0.5954699277877807,1,"[0.0, 0.1, 0.2, 0.30000000000000004, 0.4, 0.5, 0.6000000000000001, 0.7000000000000001, 0.8, 0.9, 1.0]","[0.1260015368461609, 0.3769340217113495, 0.7837538123130798, 0.08954523503780365, 0.179642453789711, 0.35640960931777954, 0.6532694101333618, 0.9528656601905823, 0.9992851614952087, 0.9999932050704956, 0.9999998807907104]",cuda
07eb28c78a65969ab23d88c6d0c5f1e7ee469d0b711089c341714902973d6cc3,gradcam,mean,deletion,0.357763100694865,0,"[0.0, 0.1, 0.2, 0.30000000000000004, 0.4, 0.5, 0.6000000000000001, 0.7000000000000001, 0.8, 0.9, 1.0]","[0.997841477394104, 0.938998818397522, 0.9446098804473877, 0.7385982871055603, 0.30585378408432007, 0.05574209615588188, 0.014187442138791084, 0.022704295814037323, 0.03244466707110405, 0.02468130551278591, 0.0017793364822864532]",cuda
07eb28c78a65969ab23d88c6d0c5f1e7ee469d0b711089c341714902973d6cc3,gradcam,mean,insertion,0.8073066383600235,0,"[0.0, 0.1, 0.2, 0.30000000000000004, 0.4, 0.5, 0.6000000000000001, 0.7000000000000001, 0.8, 0.9, 1.0]","[0.0017793364822864532, 0.0518670491874218, 0.6540288329124451, 0.8731953501701355, 0.995151162147522, 0.9998458623886108, 0.9997614026069641, 0.9997513890266418, 0.9998471736907959, 0.9998077750205994, 0.997841477394104]",cuda
07eb28c78a65969ab23d88c6d0c5f1e7ee469d0b711089c341714902973d6cc3,gradcam,blur,deletion,0.8806350946426392,0,"[0.0, 0.1, 0.2, 0.30000000000000004, 0.4, 0.5, 0.6000000000000001, 0.7000000000000001, 0.8, 0.9, 1.0]","[0.997841477394104, 0.9167924523353577, 0.8017178773880005, 0.8867356777191162, 0.9668055176734924, 0.8943967819213867, 0.8624506592750549, 0.9722043871879578, 0.8083928823471069, 0.8982985019683838, 0.5992711186408997]",cuda
07eb28c78a65969ab23d88c6d0c5f1e7ee469d0b711089c341714902973d6cc3,gradcam,blur,insertion,0.9783232986927033,0,"[0.0, 0.1, 0.2, 0.30000000000000004, 0.4, 0.5, 0.6000000000000001, 0.7000000000000001, 0.8, 0.9, 1.0]","[0.5992711186408997, 0.985392153263092, 0.9996525049209595, 0.9997473359107971, 0.999982476234436, 0.9999895095825195, 0.9999897480010986, 0.9999966621398926, 0.999957799911499, 0.999968409538269, 0.997841477394104]",cuda
07eb28c78a65969ab23d88c6d0c5f1e7ee469d0b711089c341714902973d6cc3,integrated_gradients,mean,deletion,0.6626461379230023,0,"[0.0, 0.1, 0.2, 0.30000000000000004, 0.4, 0.5, 0.6000000000000001, 0.7000000000000001, 0.8, 0.9, 1.0]","[0.997841477394104, 0.9971528053283691, 0.983260452747345, 0.9646830558776855, 0.9873902797698975, 0.9476811289787292, 0.9012809991836548, 0.006428571417927742, 0.06410802900791168, 0.2746656835079193, 0.0017793364822864532]",cuda
07eb28c78a65969ab23d88c6d0c5f1e7ee469d0b711089c341714902973d6cc3,integrated_gradients,mean,insertion,0.5331043783575297,0,"[0.0, 0.1, 0.2, 0.30000000000000004, 0.4, 0.5, 0.6000000000000001, 0.7000000000000001, 0.8, 0.9, 1.0]","[0.0017793364822864532, 0.0783664882183075, 0.08790504932403564, 0.030032504349946976, 0.0183538980782032, 0.633173406124115, 0.9959229230880737, 0.9941114783287048, 0.996651828289032, 0.9967159032821655, 0.997841477394104]",cuda
07eb28c78a65969ab23d88c6d0c5f1e7ee469d0b711089c341714902973d6cc3,integrated_gradients,blur,deletion,0.9339342474937439,0,"[0.0, 0.1, 0.2, 0.30000000000000004, 0.4, 0.5, 0.6000000000000001, 0.7000000000000001, 0.8, 0.9, 1.0]","[0.997841477394104, 0.9993352293968201, 0.9999388456344604, 0.9999223947525024, 0.999799907207489, 0.9991705417633057, 0.9848039150238037, 0.9924657344818115, 0.9875326752662659, 0.5778170228004456, 0.5992711186408997]",cuda
07eb28c78a65969ab23d88c6d0c5f1e7ee469d0b711089c341714902973d6cc3,integrated_gradients,blur,insertion,0.9134065747261048,0,"[0.0, 0.1, 0.2, 0.30000000000000004, 0.4, 0.5, 0.6000000000000001, 0.7000000000000001, 0.8, 0.9, 1.0]","[0.5992711186408997, 0.7907440066337585, 0.9469161629676819, 0.8812238574028015, 0.7265120148658752, 0.990705668926239, 0.9999240636825562, 0.999836802482605, 0.9999247789382935, 0.9997221827507019, 0.997841477394104]",cuda
083fa5b7a12e6d24e0f3daca9d121560486cc0a00f05849ec893eb2378352570,gradcam,mean,deletion,0.3399848632514477,0,"[0.0, 0.1, 0.2, 0.30000000000000004, 0.4, 0.5, 0.6000000000000001, 0.7000000000000001, 0.8, 0.9, 1.0]","[0.6895185708999634, 0.5188668370246887, 0.7296169400215149, 0.09050531685352325, 0.9909459352493286, 0.16732265055179596, 0.13042506575584412, 0.026323912665247917, 0.13612796366214752, 0.01237872987985611, 0.5051518678665161]",cuda
083fa5b7a12e6d24e0f3daca9d121560486cc0a00f05849ec893eb2378352570,gradcam,mean,insertion,0.5481103956699371,0,"[0.0, 0.1, 0.2, 0.30000000000000004, 0.4, 0.5, 0.6000000000000001, 0.7000000000000001, 0.8, 0.9, 1.0]","[0.5051518678665161, 0.15503309667110443, 0.19124263525009155, 0.34211304783821106, 0.892971396446228, 0.5523306131362915, 0.8744447827339172, 0.9533112645149231, 0.810230553150177, 0.11209132522344589, 0.6895185708999634]",cuda
083fa5b7a12e6d24e0f3daca9d121560486cc0a00f05849ec893eb2378352570,gradcam,blur,deletion,0.7001075066626072,0,"[0.0, 0.1, 0.2, 0.30000000000000004, 0.4, 0.5, 0.6000000000000001, 0.7000000000000001, 0.8, 0.9, 1.0]","[0.6895185708999634, 0.9803731441497803, 0.9990134239196777, 0.7151457071304321, 0.8802808523178101, 0.68074631690979, 0.6522332429885864, 0.7672457695007324, 0.7773454785346985, 0.2022712081670761, 0.0033213163260370493]",cuda
083fa5b7a12e6d24e0f3daca9d121560486cc0a00f05849ec893eb2378352570,gradcam,blur,insertion,0.9296176463365555,0,"[0.0, 0.1, 0.2, 0.30000000000000004, 0.4, 0.5, 0.6000000000000001, 0.7000000000000001, 0.8, 0.9, 1.0]","[0.0033213163260370493, 0.9848516583442688, 0.9984346032142639, 0.9991439580917358, 0.9990648627281189, 0.9957926273345947, 0.9897320866584778, 0.9891706109046936, 0.9978930354118347, 0.9956731200218201, 0.6895185708999634]",cuda
083fa5b7a12e6d24e0f3daca9d121560486cc0a00f05849ec893eb2378352570,integrated_gradients,mean,deletion,0.3179790914058685,0,"[0.0, 0.1, 0.2, 0.30000000000000004, 0.4, 0.5, 0.6000000000000001, 0.7000000000000001, 0.8, 0.9, 1.0]","[0.6895185708999634, 0.054199881851673126, 0.8956645727157593, 0.032099634408950806, 0.23322473466396332, 0.008295602165162563, 0.12698645889759064, 0.535346269607544, 0.2950434386730194, 0.4015951156616211, 0.5051518678665161]",cuda
083fa5b7a12e6d24e0f3daca9d121560486cc0a00f05849ec893eb2378352570,integrated_gradients,mean,insertion,0.32391777783632275,0,"[0.0, 0.1, 0.2, 0.30000000000000004, 0.4, 0.5, 0.6000000000000001, 0.7000000000000001, 0.8, 0.9, 1.0]","[0.5051518678665161, 0.3863902688026428, 0.03844854235649109, 0.06607934832572937, 0.31079164147377014, 0.10248233377933502, 0.5362642407417297, 0.5433099865913391, 0.3225342333316803, 0.3355419635772705, 0.6895185708999634]",cuda
083fa5b7a12e6d24e0f3daca9d121560486cc0a00f05849ec893eb2378352570,integrated_gradients,blur,deletion,0.7803211629390716,0,"[0.0, 0.1, 0.2, 0.30000000000000004, 0.4, 0.5, 0.6000000000000001, 0.7000000000000001, 0.8, 0.9, 1.0]","[0.6895185708999634, 0.6983398795127869, 0.9234548211097717, 0.6292866468429565, 0.8465632796287537, 0.8238781690597534, 0.7765533924102783, 0.8953415155410767, 0.9334908127784729, 0.9298832416534424, 0.0033213163260370493]",cuda
083fa5b7a12e6d24e0f3daca9d121560486cc0a00f05849ec893eb2378352570,integrated_gradients,blur,insertion,0.6066595450043677,0,"[0.0, 0.1, 0.2, 0.30000000000000004, 0.4, 0.5, 0.6000000000000001, 0.7000000000000001, 0.8, 0.9, 1.0]","[0.0033213163260370493, 0.2609262466430664, 0.5509377717971802, 0.2041502147912979, 0.36333167552948, 0.754317045211792, 0.6964195966720581, 0.9769006967544556, 0.9848657846450806, 0.9283264875411987, 0.6895185708999634]",cuda
093da62dc8f2baf9f17f489d84939766adde331c9d0491e77e009aaad4918bac,gradcam,mean,deletion,0.6266170790418983,0,"[0.0, 0.1, 0.2, 0.30000000000000004, 0.4, 0.5, 0.6000000000000001, 0.7000000000000001, 0.8, 0.9, 1.0]","[0.9989266991615295, 0.8304595351219177, 0.6248637437820435, 0.9861896634101868, 0.9319391846656799, 0.7870645523071289, 0.6750588417053223, 0.643105149269104, 0.01645715720951557, 0.014455581083893776, 0.5142281651496887]",cuda
093da62dc8f2baf9f17f489d84939766adde331c9d0491e77e009aaad4918bac,gradcam,mean,insertion,0.775661027431488,0,"[0.0, 0.1, 0.2, 0.30000000000000004, 0.4, 0.5, 0.6000000000000001, 0.7000000000000001, 0.8, 0.9, 1.0]","[0.5142281651496887, 0.2905758023262024, 0.4863365888595581, 0.3934541344642639, 0.8450377583503723, 0.9868201613426208, 0.9984082579612732, 0.9996684789657593, 0.9998058676719666, 0.9999258518218994, 0.9989266991615295]",cuda
093da62dc8f2baf9f17f489d84939766adde331c9d0491e77e009aaad4918bac,gradcam,blur,deletion,0.8647102445363999,0,"[0.0, 0.1, 0.2, 0.30000000000000004, 0.4, 0.5, 0.6000000000000001, 0.7000000000000001, 0.8, 0.9, 1.0]","[0.9989266991615295, 0.9980489015579224, 0.9983844757080078, 0.9989067316055298, 0.9998888969421387, 0.9983481168746948, 0.9968816041946411, 0.997887909412384, 0.9221673607826233, 0.18726713955402374, 0.09971582144498825]",cuda
093da62dc8f2baf9f17f489d84939766adde331c9d0491e77e009aaad4918bac,gradcam,blur,insertion,0.954226416349411,0,"[0.0, 0.1, 0.2, 0.30000000000000004, 0.4, 0.5, 0.6000000000000001, 0.7000000000000001, 0.8, 0.9, 1.0]","[0.09971582144498825, 0.9938780665397644, 0.9995204210281372, 0.9995806813240051, 0.9999914169311523, 0.9999967813491821, 0.999992847442627, 0.9999963045120239, 0.9999936819076538, 0.9999927282333374, 0.9989266991615295]",cuda
093da62dc8f2baf9f17f489d84939766adde331c9d0491e77e009aaad4918bac,integrated_gradients,mean,deletion,0.6694853194057943,0,"[0.0, 0.1, 0.2, 0.30000000000000004, 0.4, 0.5, 0.6000000000000001, 0.7000000000000001, 0.8, 0.9, 1.0]","[0.9989266991615295, 0.9868284463882446, 0.37750035524368286, 0.8593859672546387, 0.815839946269989, 0.9892255663871765, 0.9868600964546204, 0.851832926273346, 0.03411148861050606, 0.03669092059135437, 0.5142281651496887]",cuda
093da62dc8f2baf9f17f489d84939766adde331c9d0491e77e009aaad4918bac,integrated_gradients,mean,insertion,0.4953620381653308,0,"[0.0, 0.1, 0.2, 0.30000000000000004, 0.4, 0.5, 0.6000000000000001, 0.7000000000000001, 0.8, 0.9, 1.0]","[0.5142281651496887, 0.2333465963602066, 0.2520904839038849, 0.0563834086060524, 0.0803845003247261, 0.3372282087802887, 0.6518595218658447, 0.5890370607376099, 0.99702388048172, 0.9996893405914307, 0.9989266991615295]",cuda
093da62dc8f2baf9f17f489d84939766adde331c9d0491e77e009aaad4918bac,integrated_gradients,blur,deletion,0.9403677701950074,0,"[0.0, 0.1, 0.2, 0.30000000000000004, 0.4, 0.5, 0.6000000000000001, 0.7000000000000001, 0.8, 0.9, 1.0]","[0.9989266991615295, 0.9999849796295166, 0.9999958276748657, 0.9999915361404419, 0.9999948740005493, 0.9999995231628418, 0.9999994039535522, 0.999997615814209, 0.9984038472175598, 0.8559888601303101, 0.09971582144498825]",cuda
093da62dc8f2baf9f17f489d84939766adde331c9d0491e77e009aaad4918bac,integrated_gradients,blur,insertion,0.8604020982980728,0,"[0.0, 0.1, 0.2, 0.30000000000000004, 0.4, 0.5, 0.6000000000000001, 0.7000000000000001, 0.8, 0.9, 1.0]","[0.09971582144498825, 0.4928581118583679, 0.7757529616355896, 0.8234878182411194, 0.966180145740509, 0.9967304468154907, 0.9998536109924316, 0.9999817609786987, 0.9999932050704956, 0.9998615980148315, 0.9989266991615295]",cuda
097b0cf884ce1a072854b3d6e5f5f2ce46b61463f72375488913a23b921525a7,gradcam,mean,deletion,0.5730333521962166,0,"[0.0, 0.1, 0.2, 0.30000000000000004, 0.4, 0.5, 0.6000000000000001, 0.7000000000000001, 0.8, 0.9, 1.0]","[0.999144434928894, 0.805291473865509, 0.9041087031364441, 0.8777961730957031, 0.8247523903846741, 0.31735891103744507, 0.5814625024795532, 0.32892730832099915, 0.01208923477679491, 0.1361752599477768, 0.8855987191200256]",cuda
097b0cf884ce1a072854b3d6e5f5f2ce46b61463f72375488913a23b921525a7,gradcam,mean,insertion,0.9178606569766997,0,"[0.0, 0.1, 0.2, 0.30000000000000004, 0.4, 0.5, 0.6000000000000001, 0.7000000000000001, 0.8, 0.9, 1.0]","[0.8855987191200256, 0.8471154570579529, 0.7883310914039612, 0.9559652209281921, 0.9844022989273071, 0.9978955984115601, 0.8664715886116028, 0.9215719699859619, 0.8977693915367126, 0.9767124056816101, 0.999144434928894]",cuda
097b0cf884ce1a072854b3d6e5f5f2ce46b61463f72375488913a23b921525a7,gradcam,blur,deletion,0.9303646087646485,0,"[0.0, 0.1, 0.2, 0.30000000000000004, 0.4, 0.5, 0.6000000000000001, 0.7000000000000001, 0.8, 0.9, 1.0]","[0.999144434928894, 0.9817624092102051, 0.991881787776947, 0.9984896183013916, 0.9987840056419373, 0.9991863369941711, 0.9994838237762451, 0.9717152714729309, 0.8705092072486877, 0.8842640519142151, 0.2159946709871292]",cuda
097b0cf884ce1a072854b3d6e5f5f2ce46b61463f72375488913a23b921525a7,gradcam,blur,insertion,0.949968332052231,0,"[0.0, 0.1, 0.2, 0.30000000000000004, 0.4, 0.5, 0.6000000000000001, 0.7000000000000001, 0.8, 0.9, 1.0]","[0.2159946709871292, 0.8921887278556824, 0.9999518394470215, 0.9999961853027344, 0.9999994039535522, 0.9999985694885254, 0.9999995231628418, 0.9999998807907104, 0.9999997615814209, 0.9999798536300659, 0.999144434928894]",cuda
097b0cf884ce1a072854b3d6e5f5f2ce46b61463f72375488913a23b921525a7,integrated_gradients,mean,deletion,0.6991311669349672,0,"[0.0, 0.1, 0.2, 0.30000000000000004, 0.4, 0.5, 0.6000000000000001, 0.7000000000000001, 0.8, 0.9, 1.0]","[0.999144434928894, 0.6764811277389526, 0.8128247857093811, 0.9840750694274902, 0.5561631917953491, 0.779813826084137, 0.6734469532966614, 0.5778855681419373, 0.45808663964271545, 0.5301628708839417, 0.8855987191200256]",cuda
097b0cf884ce1a072854b3d6e5f5f2ce46b61463f72375488913a23b921525a7,integrated_gradients,mean,insertion,0.884356415271759,0,"[0.0, 0.1, 0.2, 0.30000000000000004, 0.4, 0.5, 0.6000000000000001, 0.7000000000000001, 0.8, 0.9, 1.0]","[0.8855987191200256, 0.7264260053634644, 0.5306935906410217, 0.9232539534568787, 0.933646559715271, 0.9650591611862183, 0.9735895395278931, 0.9115012288093567, 0.943370521068573, 0.9936519861221313, 0.999144434928894]",cuda
097b0cf884ce1a072854b3d6e5f5f2ce46b61463f72375488913a23b921525a7,integrated_gradients,blur,deletion,0.9383364975452423,0,"[0.0, 0.1, 0.2, 0.30000000000000004, 0.4, 0.5, 0.6000000000000001, 0.7000000000000001, 0.8, 0.9, 1.0]","[0.999144434928894, 0.9994691014289856, 0.9904357194900513, 0.9960116147994995, 0.9991697072982788, 0.9981478452682495, 0.9864457249641418, 0.9043737053871155, 0.9640558958053589, 0.9376859664916992, 0.2159946709871292]",cuda
097b0cf884ce1a072854b3d6e5f5f2ce46b61463f72375488913a23b921525a7,integrated_gradients,blur,insertion,0.9296888828277587,0,"[0.0, 0.1, 0.2, 0.30000000000000004, 0.4, 0.5, 0.6000000000000001, 0.7000000000000001, 0.8, 0.9, 1.0]","[0.2159946709871292, 0.6894287467002869, 0.9999853372573853, 0.9999998807907104, 0.9999997615814209, 0.9999998807907104, 0.9999998807907104, 0.999997615814209, 0.9999973773956299, 0.999910831451416, 0.999144434928894]",cuda
097ce7761543512a712d0e0d6bd9065ef179d5235fc19778a154b08e684f1fe0,gradcam,mean,deletion,0.3746195433195681,0,"[0.0, 0.1, 0.2, 0.30000000000000004, 0.4, 0.5, 0.6000000000000001, 0.7000000000000001, 0.8, 0.9, 1.0]","[0.9951033592224121, 0.9968840479850769, 0.9858651161193848, 0.736453652381897, 0.08045276999473572, 0.09422625601291656, 0.08688366413116455, 0.2588602602481842, 0.0005516891251318157, 0.008457047864794731, 1.8338501831749454e-05]",cuda
097ce7761543512a712d0e0d6bd9065ef179d5235fc19778a154b08e684f1fe0,gradcam,mean,insertion,0.7882068067789078,0,"[0.0, 0.1, 0.2, 0.30000000000000004, 0.4, 0.5, 0.6000000000000001, 0.7000000000000001, 0.8, 0.9, 1.0]","[1.8338501831749454e-05, 0.24254818260669708, 0.4067402184009552, 0.955289363861084, 0.9837063550949097, 0.9789980053901672, 0.9850077629089355, 0.8547036051750183, 0.9860304594039917, 0.9914832711219788, 0.9951033592224121]",cuda
097ce7761543512a712d0e0d6bd9065ef179d5235fc19778a154b08e684f1fe0,gradcam,blur,deletion,0.4920956172049046,0,"[0.0, 0.1, 0.2, 0.30000000000000004, 0.4, 0.5, 0.6000000000000001, 0.7000000000000001, 0.8, 0.9, 1.0]","[0.9951033592224121, 0.9930830001831055, 0.9953997731208801, 0.992094099521637, 0.6786195635795593, 0.14151610434055328, 0.08414334058761597, 0.12013709545135498, 0.13999266922473907, 0.21126620471477509, 0.13430535793304443]",cuda
097ce7761543512a712d0e0d6bd9065ef179d5235fc19778a154b08e684f1fe0,gradcam,blur,insertion,0.9434864580631256,0,"[0.0, 0.1, 0.2, 0.30000000000000004, 0.4, 0.5, 0.6000000000000001, 0.7000000000000001, 0.8, 0.9, 1.0]","[0.13430535793304443, 0.8866941332817078, 0.9978247880935669, 0.9985446929931641, 0.9979789853096008, 0.996209979057312, 0.9970120191574097, 0.9971631169319153, 0.9996824264526367, 0.9990500807762146, 0.9951033592224121]",cuda
097ce7761543512a712d0e0d6bd9065ef179d5235fc19778a154b08e684f1fe0,integrated_gradients,mean,deletion,0.675303989648819,0,"[0.0, 0.1, 0.2, 0.30000000000000004, 0.4, 0.5, 0.6000000000000001, 0.7000000000000001, 0.8, 0.9, 1.0]","[0.9951033592224121, 0.9993031024932861, 0.9695568680763245, 0.7700914144515991, 0.9345813989639282, 0.6053816676139832, 0.8232685327529907, 0.38884374499320984, 0.2306070327758789, 0.5338453054428101, 1.8338501831749454e-05]",cuda
097ce7761543512a712d0e0d6bd9065ef179d5235fc19778a154b08e684f1fe0,integrated_gradients,mean,insertion,0.5859115101746284,0,"[0.0, 0.1, 0.2, 0.30000000000000004, 0.4, 0.5, 0.6000000000000001, 0.7000000000000001, 0.8, 0.9, 1.0]","[1.8338501831749454e-05, 0.002813351107761264, 0.0004383442283142358, 0.8988425135612488, 0.03760673478245735, 0.562049925327301, 0.9719703793525696, 0.9548845291137695, 0.9350918531417847, 0.9978566765785217, 0.9951033592224121]",cuda
097ce7761543512a712d0e0d6bd9065ef179d5235fc19778a154b08e684f1fe0,integrated_gradients,blur,deletion,0.9492642223834992,0,"[0.0, 0.1, 0.2, 0.30000000000000004, 0.4, 0.5, 0.6000000000000001, 0.7000000000000001, 0.8, 0.9, 1.0]","[0.9951033592224121, 0.999909520149231, 0.9997277855873108, 0.9999277591705322, 0.9999899864196777, 0.9999866485595703, 0.9998588562011719, 0.9998780488967896, 0.9484501481056213, 0.9802091121673584, 0.13430535793304443]",cuda
097ce7761543512a712d0e0d6bd9065ef179d5235fc19778a154b08e684f1fe0,integrated_gradients,blur,insertion,0.6153024762868881,0,"[0.0, 0.1, 0.2, 0.30000000000000004, 0.4, 0.5, 0.6000000000000001, 0.7000000000000001, 0.8, 0.9, 1.0]","[0.13430535793304443, 0.06705790013074875, 0.16538794338703156, 0.26115646958351135, 0.6081671714782715, 0.49368464946746826, 0.9972912669181824, 0.9981354475021362, 0.9992015957832336, 0.9982379674911499, 0.9951033592224121]",cuda
0a9921233504ae0bb87c96d17be93fe6352146dc6477869f7f93f68fda9172e0,gradcam,mean,deletion,0.5994204282760619,1,"[0.0, 0.1, 0.2, 0.30000000000000004, 0.4, 0.5, 0.6000000000000001, 0.7000000000000001, 0.8, 0.9, 1.0]","[0.7219884991645813, 0.5618830323219299, 0.36692675948143005, 0.5937821269035339, 0.44811347126960754, 0.11601871252059937, 0.07589512318372726, 0.9780859351158142, 0.995831310749054, 0.9972259402275085, 0.9988952279090881]",cuda
0a9921233504ae0bb87c96d17be93fe6352146dc6477869f7f93f68fda9172e0,gradcam,mean,insertion,0.7746162831783294,1,"[0.0, 0.1, 0.2, 0.30000000000000004, 0.4, 0.5, 0.6000000000000001, 0.7000000000000001, 0.8, 0.9, 1.0]","[0.9988952279090881, 0.241665780544281, 0.9949610233306885, 0.9788917303085327, 0.9854538440704346, 0.9193958044052124, 0.6185871958732605, 0.6265581846237183, 0.7639676928520203, 0.7562397718429565, 0.7219884991645813]",cuda
0a9921233504ae0bb87c96d17be93fe6352146dc6477869f7f93f68fda9172e0,gradcam,blur,deletion,0.5408869555220007,1,"[0.0, 0.1, 0.2, 0.30000000000000004, 0.4, 0.5, 0.6000000000000001, 0.7000000000000001, 0.8, 0.9, 1.0]","[0.7219884991645813, 0.6394072771072388, 0.648549497127533, 0.25577181577682495, 0.10271669179201126, 0.054642267525196075, 0.0023076729848980904, 0.9397245645523071, 0.9736339449882507, 0.9482893943786621, 0.9656643867492676]",cuda
0a9921233504ae0bb87c96d17be93fe6352146dc6477869f7f93f68fda9172e0,gradcam,blur,insertion,0.7045245379209518,1,"[0.0, 0.1, 0.2, 0.30000000000000004, 0.4, 0.5, 0.6000000000000001, 0.7000000000000001, 0.8, 0.9, 1.0]","[0.9656643867492676, 0.838647186756134, 0.43200233578681946, 0.9700437784194946, 0.7588953375816345, 0.4702412188053131, 0.24276103079319, 0.8158937096595764, 0.8633097410202026, 0.8096246123313904, 0.7219884991645813]",cuda
0a9921233504ae0bb87c96d17be93fe6352146dc6477869f7f93f68fda9172e0,integrated_gradients,mean,deletion,0.6986708343029021,1,"[0.0, 0.1, 0.2, 0.30000000000000004, 0.4, 0.5, 0.6000000000000001, 0.7000000000000001, 0.8, 0.9, 1.0]","[0.7219884991645813, 0.2096918374300003, 0.2605423331260681, 0.8026343584060669, 0.9750552773475647, 0.6504641175270081, 0.3019760251045227, 0.9285320043563843, 0.998391330242157, 0.9989792108535767, 0.9988952279090881]",cuda
0a9921233504ae0bb87c96d17be93fe6352146dc6477869f7f93f68fda9172e0,integrated_gradients,mean,insertion,0.755780503153801,1,"[0.0, 0.1, 0.2, 0.30000000000000004, 0.4, 0.5, 0.6000000000000001, 0.7000000000000001, 0.8, 0.9, 1.0]","[0.9988952279090881, 0.9315856099128723, 0.9978625178337097, 0.9893774390220642, 0.9503287672996521, 0.7793325185775757, 0.23748032748699188, 0.4505139887332916, 0.6672614812850952, 0.6936206221580505, 0.7219884991645813]",cuda
0a9921233504ae0bb87c96d17be93fe6352146dc6477869f7f93f68fda9172e0,integrated_gradients,blur,deletion,0.6432928413152695,1,"[0.0, 0.1, 0.2, 0.30000000000000004, 0.4, 0.5, 0.6000000000000001, 0.7000000000000001, 0.8, 0.9, 1.0]","[0.7219884991645813, 0.6417590975761414, 0.6942871809005737, 0.9620587825775146, 0.8003715872764587, 0.694617748260498, 0.008192882873117924, 0.04537703096866608, 0.7988128066062927, 0.9436248540878296, 0.9656643867492676]",cuda
0a9921233504ae0bb87c96d17be93fe6352146dc6477869f7f93f68fda9172e0,integrated_gradients,blur,insertion,0.5568656653165818,1,"[0.0, 0.1, 0.2, 0.30000000000000004, 0.4, 0.5, 0.6000000000000001, 0.7000000000000001, 0.8, 0.9, 1.0]","[0.9656643867492676, 0.9527032375335693, 0.8892415165901184, 0.45502328872680664, 0.1563110649585724, 0.3626852333545685, 0.0688953623175621, 0.3916908800601959, 0.6650299429893494, 0.7832497358322144, 0.7219884991645813]",cuda
0ab4115dade7b2786e475c43fa74e319e60bfce0a5b61d26b2e0c5ceab21e192,gradcam,mean,deletion,0.4301457460969687,0,"[0.0, 0.1, 0.2, 0.30000000000000004, 0.4, 0.5, 0.6000000000000001, 0.7000000000000001, 0.8, 0.9, 1.0]","[0.8171442747116089, 0.9794331789016724, 0.5049407482147217, 0.2471643090248108, 0.9056094884872437, 0.8874803185462952, 0.17808185517787933, 0.01711359992623329, 0.1222531720995903, 0.044266849756240845, 0.013083524070680141]",cuda
0ab4115dade7b2786e475c43fa74e319e60bfce0a5b61d26b2e0c5ceab21e192,gradcam,mean,insertion,0.6372312933206559,0,"[0.0, 0.1, 0.2, 0.30000000000000004, 0.4, 0.5, 0.6000000000000001, 0.7000000000000001, 0.8, 0.9, 1.0]","[0.013083524070680141, 0.5141921639442444, 0.7891791462898254, 0.9486503601074219, 0.8554229736328125, 0.5806060433387756, 0.8739020824432373, 0.41115042567253113, 0.46550723910331726, 0.518588662147522, 0.8171442747116089]",cuda
0ab4115dade7b2786e475c43fa74e319e60bfce0a5b61d26b2e0c5ceab21e192,gradcam,blur,deletion,0.9473490715026855,0,"[0.0, 0.1, 0.2, 0.30000000000000004, 0.4, 0.5, 0.6000000000000001, 0.7000000000000001, 0.8, 0.9, 1.0]","[0.8171442747116089, 0.9861495494842529, 0.9963994026184082, 0.9988788962364197, 0.9998797178268433, 0.999687671661377, 0.9985880255699158, 0.9927893280982971, 0.9965639710426331, 0.9305052161216736, 0.33095356822013855]",cuda
0ab4115dade7b2786e475c43fa74e319e60bfce0a5b61d26b2e0c5ceab21e192,gradcam,blur,insertion,0.9276257693767547,0,"[0.0, 0.1, 0.2, 0.30000000000000004, 0.4, 0.5, 0.6000000000000001, 0.7000000000000001, 0.8, 0.9, 1.0]","[0.33095356822013855, 0.8300169706344604, 0.9634485840797424, 0.9759640097618103, 0.994439959526062, 0.9932612776756287, 0.9949929118156433, 0.9928584098815918, 0.9957756400108337, 0.96145099401474, 0.8171442747116089]",cuda
0ab4115dade7b2786e475c43fa74e319e60bfce0a5b61d26b2e0c5ceab21e192,integrated_gradients,mean,deletion,0.8463938862085343,0,"[0.0, 0.1, 0.2, 0.30000000000000004, 0.4, 0.5, 0.6000000000000001, 0.7000000000000001, 0.8, 0.9, 1.0]","[0.8171442747116089, 0.9981246590614319, 0.908855676651001, 0.9879819750785828, 0.9976316690444946, 0.9993002414703369, 0.9943621158599854, 0.9618160724639893, 0.23383349180221558, 0.9669190645217896, 0.013083524070680141]",cuda
0ab4115dade7b2786e475c43fa74e319e60bfce0a5b61d26b2e0c5ceab21e192,integrated_gradients,mean,insertion,0.3687803864479065,0,"[0.0, 0.1, 0.2, 0.30000000000000004, 0.4, 0.5, 0.6000000000000001, 0.7000000000000001, 0.8, 0.9, 1.0]","[0.013083524070680141, 0.17268303036689758, 0.004903860855847597, 0.21833699941635132, 0.27611592411994934, 0.6910914778709412, 0.8143027424812317, 0.4410838186740875, 0.5623388886451721, 0.0918331891298294, 0.8171442747116089]",cuda
0ab4115dade7b2786e475c43fa74e319e60bfce0a5b61d26b2e0c5ceab21e192,integrated_gradients,blur,deletion,0.9387330830097199,0,"[0.0, 0.1, 0.2, 0.30000000000000004, 0.4, 0.5, 0.6000000000000001, 0.7000000000000001, 0.8, 0.9, 1.0]","[0.8171442747116089, 0.9914571642875671, 0.9995187520980835, 0.9999384880065918, 0.9997621178627014, 0.9998051524162292, 0.999110996723175, 0.9980255365371704, 0.9997686743736267, 0.8258951306343079, 0.33095356822013855]",cuda
0ab4115dade7b2786e475c43fa74e319e60bfce0a5b61d26b2e0c5ceab21e192,integrated_gradients,blur,insertion,0.7317874312400818,0,"[0.0, 0.1, 0.2, 0.30000000000000004, 0.4, 0.5, 0.6000000000000001, 0.7000000000000001, 0.8, 0.9, 1.0]","[0.33095356822013855, 0.44400885701179504, 0.49410444498062134, 0.6273229718208313, 0.803254246711731, 0.9915014505386353, 0.9979873895645142, 0.9948220252990723, 0.8836840987205505, 0.5071398615837097, 0.8171442747116089]",cuda
0b083efe3b7c99d59669494b14908892ba1b85993f198ecfd60a4446a519356e,gradcam,mean,deletion,0.17005810276605185,0,"[0.0, 0.1, 0.2, 0.30000000000000004, 0.4, 0.5, 0.6000000000000001, 0.7000000000000001, 0.8, 0.9, 1.0]","[0.7692636251449585, 0.7102888822555542, 0.12408433854579926, 0.0212869830429554, 0.06650175899267197, 0.010156111791729927, 0.0005045364378020167, 0.0007166751893237233, 0.005306660197675228, 0.2396077960729599, 0.27499091625213623]",cuda
0b083efe3b7c99d59669494b14908892ba1b85993f198ecfd60a4446a519356e,gradcam,mean,insertion,0.604425485432148,0,"[0.0, 0.1, 0.2, 0.30000000000000004, 0.4, 0.5, 0.6000000000000001, 0.7000000000000001, 0.8, 0.9, 1.0]","[0.27499091625213623, 0.5256797075271606, 0.043330978602170944, 0.3048371374607086, 0.6149290800094604, 0.6744645237922668, 0.6917896270751953, 0.7443535923957825, 0.9347127079963684, 0.9880302548408508, 0.7692636251449585]",cuda
0b083efe3b7c99d59669494b14908892ba1b85993f198ecfd60a4446a519356e,gradcam,blur,deletion,0.5615205205976962,0,"[0.0, 0.1, 0.2, 0.30000000000000004, 0.4, 0.5, 0.6000000000000001, 0.7000000000000001, 0.8, 0.9, 1.0]","[0.7692636251449585, 0.8745949268341064, 0.5698452591896057, 0.2270391583442688, 0.7834720015525818, 0.8373324871063232, 0.9097328782081604, 0.7019616365432739, 0.11987531930208206, 0.11154229193925858, 0.19035488367080688]",cuda
0b083efe3b7c99d59669494b14908892ba1b85993f198ecfd60a4446a519356e,gradcam,blur,insertion,0.8803591191768646,0,"[0.0, 0.1, 0.2, 0.30000000000000004, 0.4, 0.5, 0.6000000000000001, 0.7000000000000001, 0.8, 0.9, 1.0]","[0.19035488367080688, 0.3575375974178314, 0.976630687713623, 0.9992257356643677, 0.9983569979667664, 0.9989320635795593, 0.997174859046936, 0.9967043995857239, 0.999479353427887, 0.9997403025627136, 0.7692636251449585]",cuda
0b083efe3b7c99d59669494b14908892ba1b85993f198ecfd60a4446a519356e,integrated_gradients,mean,deletion,0.6755472369492055,0,"[0.0, 0.1, 0.2, 0.30000000000000004, 0.4, 0.5, 0.6000000000000001, 0.7000000000000001, 0.8, 0.9, 1.0]","[0.7692636251449585, 0.9644574522972107, 0.8600214719772339, 0.9466145038604736, 0.9618514776229858, 0.8056062459945679, 0.6533834934234619, 0.14512190222740173, 0.04604558274149895, 0.8502430319786072, 0.27499091625213623]",cuda
0b083efe3b7c99d59669494b14908892ba1b85993f198ecfd60a4446a519356e,integrated_gradients,mean,insertion,0.13079920667223632,0,"[0.0, 0.1, 0.2, 0.30000000000000004, 0.4, 0.5, 0.6000000000000001, 0.7000000000000001, 0.8, 0.9, 1.0]","[0.27499091625213623, 0.03512919321656227, 0.005917304195463657, 0.00231535523198545, 0.04654327780008316, 0.10468826442956924, 0.28546518087387085, 0.1299544870853424, 0.14666731655597687, 0.029184428974986076, 0.7692636251449585]",cuda
0b083efe3b7c99d59669494b14908892ba1b85993f198ecfd60a4446a519356e,integrated_gradients,blur,deletion,0.7571333065629006,0,"[0.0, 0.1, 0.2, 0.30000000000000004, 0.4, 0.5, 0.6000000000000001, 0.7000000000000001, 0.8, 0.9, 1.0]","[0.7692636251449585, 0.9998950958251953, 0.9999518394470215, 0.9999264478683472, 0.9997420907020569, 0.9998819828033447, 0.9966327548027039, 0.8571054935455322, 0.10487892478704453, 0.13350912928581238, 0.19035488367080688]",cuda
0b083efe3b7c99d59669494b14908892ba1b85993f198ecfd60a4446a519356e,integrated_gradients,blur,insertion,0.5751399710774422,0,"[0.0, 0.1, 0.2, 0.30000000000000004, 0.4, 0.5, 0.6000000000000001, 0.7000000000000001, 0.8, 0.9, 1.0]","[0.19035488367080688, 0.7578190565109253, 0.2615659832954407, 0.09613146632909775, 0.22298705577850342, 0.1651683747768402, 0.9105430245399475, 0.9327789545059204, 0.9659678936004639, 0.9586285948753357, 0.7692636251449585]",cuda
0b39c9e87d311caa685b0a9065b9c390b375e0ec00fba3466d9415d5fa7e6794,gradcam,mean,deletion,0.5419480174779892,1,"[0.0, 0.1, 0.2, 0.30000000000000004, 0.4, 0.5, 0.6000000000000001, 0.7000000000000001, 0.8, 0.9, 1.0]","[1.0, 0.8238568305969238, 0.6622872948646545, 0.07679280638694763, 0.36822089552879333, 0.4559831917285919, 0.2146214097738266, 0.28459614515304565, 0.6764572858810425, 0.8566668629646301, 0.9999948740005493]",cuda
0b39c9e87d311caa685b0a9065b9c390b375e0ec00fba3466d9415d5fa7e6794,gradcam,mean,insertion,0.963187861442566,1,"[0.0, 0.1, 0.2, 0.30000000000000004, 0.4, 0.5, 0.6000000000000001, 0.7000000000000001, 0.8, 0.9, 1.0]","[0.9999948740005493, 0.6797285676002502, 0.9839504957199097, 0.99273282289505, 0.9970870614051819, 0.9796527624130249, 0.9987500905990601, 0.9999932050704956, 0.9999862909317017, 0.9999997615814209, 1.0]",cuda
0b39c9e87d311caa685b0a9065b9c390b375e0ec00fba3466d9415d5fa7e6794,gradcam,blur,deletion,0.4345622526481747,1,"[0.0, 0.1, 0.2, 0.30000000000000004, 0.4, 0.5, 0.6000000000000001, 0.7000000000000001, 0.8, 0.9, 1.0]","[1.0, 0.999919056892395, 0.9956420660018921, 0.7255761623382568, 0.2767978608608246, 0.039500195533037186, 0.03680787235498428, 0.02486076019704342, 0.02639145962893963, 0.29315274953842163, 0.8539485931396484]",cuda
0b39c9e87d311caa685b0a9065b9c390b375e0ec00fba3466d9415d5fa7e6794,gradcam,blur,insertion,0.9609185934066772,1,"[0.0, 0.1, 0.2, 0.30000000000000004, 0.4, 0.5, 0.6000000000000001, 0.7000000000000001, 0.8, 0.9, 1.0]","[0.8539485931396484, 0.7586005330085754, 0.9237495064735413, 0.9998754262924194, 0.9999895095825195, 0.9999990463256836, 0.9999983310699463, 0.9999997615814209, 0.9999998807907104, 0.9999996423721313, 1.0]",cuda
0b39c9e87d311caa685b0a9065b9c390b375e0ec00fba3466d9415d5fa7e6794,integrated_gradients,mean,deletion,0.6531428694725036,1,"[0.0, 0.1, 0.2, 0.30000000000000004, 0.4, 0.5, 0.6000000000000001, 0.7000000000000001, 0.8, 0.9, 1.0]","[1.0, 0.7550581097602844, 0.8136501908302307, 0.5065072178840637, 0.7158344388008118, 0.25352054834365845, 0.5942962765693665, 0.35887494683265686, 0.6000944972038269, 0.9335950016975403, 0.9999948740005493]",cuda
0b39c9e87d311caa685b0a9065b9c390b375e0ec00fba3466d9415d5fa7e6794,integrated_gradients,mean,insertion,0.9217574894428252,1,"[0.0, 0.1, 0.2, 0.30000000000000004, 0.4, 0.5, 0.6000000000000001, 0.7000000000000001, 0.8, 0.9, 1.0]","[0.9999948740005493, 0.5328264832496643, 0.9689411520957947, 0.94001704454422, 0.8797513842582703, 0.994060218334198, 0.9035542011260986, 0.9984332919120789, 0.9999945163726807, 0.9999990463256836, 1.0]",cuda
0b39c9e87d311caa685b0a9065b9c390b375e0ec00fba3466d9415d5fa7e6794,integrated_gradients,blur,deletion,0.30376386890420687,1,"[0.0, 0.1, 0.2, 0.30000000000000004, 0.4, 0.5, 0.6000000000000001, 0.7000000000000001, 0.8, 0.9, 1.0]","[1.0, 0.9999853372573853, 0.19331754744052887, 0.38090717792510986, 0.3428115248680115, 0.008242035284638405, 0.0009953408734872937, 0.0015128526138141751, 0.12337473779916763, 0.059517838060855865, 0.8539485931396484]",cuda
0b39c9e87d311caa685b0a9065b9c390b375e0ec00fba3466d9415d5fa7e6794,integrated_gradients,blur,insertion,0.983414900302887,1,"[0.0, 0.1, 0.2, 0.30000000000000004, 0.4, 0.5, 0.6000000000000001, 0.7000000000000001, 0.8, 0.9, 1.0]","[0.8539485931396484, 0.9084175825119019, 0.9992460012435913, 0.9999078512191772, 0.9996616840362549, 0.9999889135360718, 0.9999605417251587, 0.999996542930603, 0.9999957084655762, 0.9999998807907104, 1.0]",cuda
0b58d1ad7e52aecaba7b79e2bdbbe724928c19a32795e55be139391b7e6bc999,gradcam,mean,deletion,0.6358949557878077,0,"[0.0, 0.1, 0.2, 0.30000000000000004, 0.4, 0.5, 0.6000000000000001, 0.7000000000000001, 0.8, 0.9, 1.0]","[0.9999997615814209, 0.9999562501907349, 0.9990237951278687, 0.9908185601234436, 0.8698217868804932, 0.9367830157279968, 0.7662547826766968, 0.2650913894176483, 0.007202719338238239, 0.020362043753266335, 0.0072706411592662334]",cuda
0b58d1ad7e52aecaba7b79e2bdbbe724928c19a32795e55be139391b7e6bc999,gradcam,mean,insertion,0.7044600069522857,0,"[0.0, 0.1, 0.2, 0.30000000000000004, 0.4, 0.5, 0.6000000000000001, 0.7000000000000001, 0.8, 0.9, 1.0]","[0.0072706411592662334, 0.32287412881851196, 0.12483110278844833, 0.363295316696167, 0.7366777062416077, 0.993710994720459, 0.9998089671134949, 0.9998358488082886, 0.9999314546585083, 0.9999994039535522, 0.9999997615814209]",cuda
0b58d1ad7e52aecaba7b79e2bdbbe724928c19a32795e55be139391b7e6bc999,gradcam,blur,deletion,0.9216527223587037,0,"[0.0, 0.1, 0.2, 0.30000000000000004, 0.4, 0.5, 0.6000000000000001, 0.7000000000000001, 0.8, 0.9, 1.0]","[0.9999997615814209, 0.9999969005584717, 0.9998735189437866, 0.9992595314979553, 0.9966943264007568, 0.9979240894317627, 0.9961250424385071, 0.6965757012367249, 0.9762021899223328, 0.8759369254112244, 0.3558782637119293]",cuda
0b58d1ad7e52aecaba7b79e2bdbbe724928c19a32795e55be139391b7e6bc999,gradcam,blur,insertion,0.9667815268039703,0,"[0.0, 0.1, 0.2, 0.30000000000000004, 0.4, 0.5, 0.6000000000000001, 0.7000000000000001, 0.8, 0.9, 1.0]","[0.3558782637119293, 0.9913438558578491, 0.9986512064933777, 0.9999285936355591, 0.9999582767486572, 0.9999951124191284, 0.9999992847442627, 1.0, 1.0, 1.0, 0.9999997615814209]",cuda
0b58d1ad7e52aecaba7b79e2bdbbe724928c19a32795e55be139391b7e6bc999,integrated_gradients,mean,deletion,0.863077998161316,0,"[0.0, 0.1, 0.2, 0.30000000000000004, 0.4, 0.5, 0.6000000000000001, 0.7000000000000001, 0.8, 0.9, 1.0]","[0.9999997615814209, 0.9997749924659729, 0.9956159591674805, 0.9781326055526733, 0.9995061159133911, 0.9997386336326599, 0.9235245585441589, 0.7897256016731262, 0.9250501394271851, 0.5160762667655945, 0.0072706411592662334]",cuda
0b58d1ad7e52aecaba7b79e2bdbbe724928c19a32795e55be139391b7e6bc999,integrated_gradients,mean,insertion,0.6506929419934749,0,"[0.0, 0.1, 0.2, 0.30000000000000004, 0.4, 0.5, 0.6000000000000001, 0.7000000000000001, 0.8, 0.9, 1.0]","[0.0072706411592662334, 0.11569725722074509, 0.014817087911069393, 0.23949040472507477, 0.7132173180580139, 0.9738754630088806, 0.955901026725769, 0.9977295994758606, 0.992572009563446, 0.9999940395355225, 0.9999997615814209]",cuda
0b58d1ad7e52aecaba7b79e2bdbbe724928c19a32795e55be139391b7e6bc999,integrated_gradients,blur,deletion,0.967695164680481,0,"[0.0, 0.1, 0.2, 0.30000000000000004, 0.4, 0.5, 0.6000000000000001, 0.7000000000000001, 0.8, 0.9, 1.0]","[0.9999997615814209, 0.9999997615814209, 0.9999995231628418, 0.9999996423721313, 0.9999986886978149, 0.9999992847442627, 0.9999959468841553, 0.9999915361404419, 0.9999802112579346, 0.9990480542182922, 0.3558782637119293]",cuda
0b58d1ad7e52aecaba7b79e2bdbbe724928c19a32795e55be139391b7e6bc999,integrated_gradients,blur,insertion,0.900779491662979,0,"[0.0, 0.1, 0.2, 0.30000000000000004, 0.4, 0.5, 0.6000000000000001, 0.7000000000000001, 0.8, 0.9, 1.0]","[0.3558782637119293, 0.41890329122543335, 0.9198487997055054, 0.9951712489128113, 0.9987315535545349, 0.9994452595710754, 0.998184859752655, 0.9996219873428345, 0.9999520778656006, 0.9999969005584717, 0.9999997615814209]",cuda
0b7693331b9a2aeb1d7e6758b877cd864fffb08211689229255914b668643888,gradcam,mean,deletion,0.29839034080505367,0,"[0.0, 0.1, 0.2, 0.30000000000000004, 0.4, 0.5, 0.6000000000000001, 0.7000000000000001, 0.8, 0.9, 1.0]","[0.9997034668922424, 0.9413203001022339, 0.04522865638136864, 0.009986719116568565, 0.006204160861670971, 0.02800098992884159, 0.025881247594952583, 0.5858296751976013, 0.7447514533996582, 0.08824408799409866, 0.017208673059940338]",cuda
0b7693331b9a2aeb1d7e6758b877cd864fffb08211689229255914b668643888,gradcam,mean,insertion,0.9346028953790665,0,"[0.0, 0.1, 0.2, 0.30000000000000004, 0.4, 0.5, 0.6000000000000001, 0.7000000000000001, 0.8, 0.9, 1.0]","[0.017208673059940338, 0.905972421169281, 0.9507274031639099, 0.9886243343353271, 0.9939610958099365, 0.9995538592338562, 0.9998965263366699, 0.9995075464248657, 0.9997996687889099, 0.9995299577713013, 0.9997034668922424]",cuda
0b7693331b9a2aeb1d7e6758b877cd864fffb08211689229255914b668643888,gradcam,blur,deletion,0.3590424589812756,0,"[0.0, 0.1, 0.2, 0.30000000000000004, 0.4, 0.5, 0.6000000000000001, 0.7000000000000001, 0.8, 0.9, 1.0]","[0.9997034668922424, 0.879725992679596, 0.16258782148361206, 0.1190338209271431, 0.11861781030893326, 0.3097154200077057, 0.46910080313682556, 0.3510466516017914, 0.2983376681804657, 0.3233166038990021, 0.1181805357336998]",cuda
0b7693331b9a2aeb1d7e6758b877cd864fffb08211689229255914b668643888,gradcam,blur,insertion,0.9556162238121033,0,"[0.0, 0.1, 0.2, 0.30000000000000004, 0.4, 0.5, 0.6000000000000001, 0.7000000000000001, 0.8, 0.9, 1.0]","[0.1181805357336998, 0.997271716594696, 0.999997615814209, 0.9999995231628418, 0.9999990463256836, 0.9999996423721313, 0.999992847442627, 0.9999934434890747, 0.9999871253967285, 0.9999792575836182, 0.9997034668922424]",cuda
0b7693331b9a2aeb1d7e6758b877cd864fffb08211689229255914b668643888,integrated_gradients,mean,deletion,0.4560179471969604,0,"[0.0, 0.1, 0.2, 0.30000000000000004, 0.4, 0.5, 0.6000000000000001, 0.7000000000000001, 0.8, 0.9, 1.0]","[0.9997034668922424, 0.036991726607084274, 0.4310667812824249, 0.8993412256240845, 0.8347870111465454, 0.2547355592250824, 0.3311994671821594, 0.11021121591329575, 0.406242311000824, 0.7471480965614319, 0.017208673059940338]",cuda
0b7693331b9a2aeb1d7e6758b877cd864fffb08211689229255914b668643888,integrated_gradients,mean,insertion,0.7623696580529211,0,"[0.0, 0.1, 0.2, 0.30000000000000004, 0.4, 0.5, 0.6000000000000001, 0.7000000000000001, 0.8, 0.9, 1.0]","[0.017208673059940338, 0.011569672264158726, 0.13848263025283813, 0.9827626943588257, 0.9962672591209412, 0.9995649456977844, 0.9938222169876099, 0.9948676824569702, 0.9993884563446045, 0.9985149502754211, 0.9997034668922424]",cuda
0b7693331b9a2aeb1d7e6758b877cd864fffb08211689229255914b668643888,integrated_gradients,blur,deletion,0.9132489681243898,0,"[0.0, 0.1, 0.2, 0.30000000000000004, 0.4, 0.5, 0.6000000000000001, 0.7000000000000001, 0.8, 0.9, 1.0]","[0.9997034668922424, 0.9989357590675354, 0.9752760529518127, 0.9955794215202332, 0.9978160858154297, 0.9991912245750427, 0.9966919422149658, 0.7816066741943359, 0.9162008762359619, 0.9122495651245117, 0.1181805357336998]",cuda
0b7693331b9a2aeb1d7e6758b877cd864fffb08211689229255914b668643888,integrated_gradients,blur,insertion,0.9484713494777679,0,"[0.0, 0.1, 0.2, 0.30000000000000004, 0.4, 0.5, 0.6000000000000001, 0.7000000000000001, 0.8, 0.9, 1.0]","[0.1181805357336998, 0.9291830658912659, 0.9988768696784973, 0.9999725818634033, 0.9999256134033203, 0.999913215637207, 0.9982228875160217, 0.9999929666519165, 0.9999228715896606, 0.9997614026069641, 0.9997034668922424]",cuda
0befe44754deb63c71b9b9d8ecaea894e46c391f279f254fd09124e60e0d41f5,gradcam,mean,deletion,0.5384447351098061,1,"[0.0, 0.1, 0.2, 0.30000000000000004, 0.4, 0.5, 0.6000000000000001, 0.7000000000000001, 0.8, 0.9, 1.0]","[0.9986023306846619, 0.1741274893283844, 0.3773612678050995, 0.24215443432331085, 0.058471065014600754, 0.24636487662792206, 0.6044475436210632, 0.865309476852417, 0.8283029198646545, 0.9911946058273315, 0.9948248863220215]",cuda
0befe44754deb63c71b9b9d8ecaea894e46c391f279f254fd09124e60e0d41f5,gradcam,mean,insertion,0.703622005134821,1,"[0.0, 0.1, 0.2, 0.30000000000000004, 0.4, 0.5, 0.6000000000000001, 0.7000000000000001, 0.8, 0.9, 1.0]","[0.9948248863220215, 0.7907765507698059, 0.995006799697876, 0.9892510771751404, 0.9446839094161987, 0.9259053468704224, 0.8339269757270813, 0.44054436683654785, 0.06951657682657242, 0.04989491030573845, 0.9986023306846619]",cuda
0befe44754deb63c71b9b9d8ecaea894e46c391f279f254fd09124e60e0d41f5,gradcam,blur,deletion,0.24397178953513501,1,"[0.0, 0.1, 0.2, 0.30000000000000004, 0.4, 0.5, 0.6000000000000001, 0.7000000000000001, 0.8, 0.9, 1.0]","[0.9986023306846619, 0.9099358916282654, 0.22178137302398682, 0.2699826955795288, 0.04421863332390785, 0.008465704508125782, 0.034213677048683167, 0.02821763977408409, 0.00218073814176023, 0.022640911862254143, 0.7975590229034424]",cuda
0befe44754deb63c71b9b9d8ecaea894e46c391f279f254fd09124e60e0d41f5,gradcam,blur,insertion,0.41810458712279797,1,"[0.0, 0.1, 0.2, 0.30000000000000004, 0.4, 0.5, 0.6000000000000001, 0.7000000000000001, 0.8, 0.9, 1.0]","[0.7975590229034424, 0.11291792243719101, 0.02620195783674717, 0.09832720458507538, 0.10031501203775406, 0.2843495309352875, 0.07197234034538269, 0.7483850717544556, 0.8618157505989075, 0.9786803722381592, 0.9986023306846619]",cuda
0befe44754deb63c71b9b9d8ecaea894e46c391f279f254fd09124e60e0d41f5,integrated_gradients,mean,deletion,0.5294866941869258,1,"[0.0, 0.1, 0.2, 0.30000000000000004, 0.4, 0.5, 0.6000000000000001, 0.7000000000000001, 0.8, 0.9, 1.0]","[0.9986023306846619, 0.5056241154670715, 0.45969322323799133, 0.3574540317058563, 0.25107842683792114, 0.08339761197566986, 0.15990453958511353, 0.7163816690444946, 0.9709720611572266, 0.7936476469039917, 0.9948248863220215]",cuda
0befe44754deb63c71b9b9d8ecaea894e46c391f279f254fd09124e60e0d41f5,integrated_gradients,mean,insertion,0.5524559885263444,1,"[0.0, 0.1, 0.2, 0.30000000000000004, 0.4, 0.5, 0.6000000000000001, 0.7000000000000001, 0.8, 0.9, 1.0]","[0.9948248863220215, 0.9067920446395874, 0.996927797794342, 0.9022074937820435, 0.18464502692222595, 0.6194875836372375, 0.2557087242603302, 0.4103117883205414, 0.19402043521404266, 0.05774533748626709, 0.9986023306846619]",cuda
0befe44754deb63c71b9b9d8ecaea894e46c391f279f254fd09124e60e0d41f5,integrated_gradients,blur,deletion,0.3162897875066846,1,"[0.0, 0.1, 0.2, 0.30000000000000004, 0.4, 0.5, 0.6000000000000001, 0.7000000000000001, 0.8, 0.9, 1.0]","[0.9986023306846619, 0.8751043677330017, 0.5478136539459229, 0.3708775043487549, 0.10037717968225479, 0.04544782638549805, 0.22991931438446045, 0.008353709243237972, 0.00210082926787436, 0.08482280373573303, 0.7975590229034424]",cuda
0befe44754deb63c71b9b9d8ecaea894e46c391f279f254fd09124e60e0d41f5,integrated_gradients,blur,insertion,0.4089527659118175,1,"[0.0, 0.1, 0.2, 0.30000000000000004, 0.4, 0.5, 0.6000000000000001, 0.7000000000000001, 0.8, 0.9, 1.0]","[0.7975590229034424, 0.84239262342453, 0.742959201335907, 0.04473866894841194, 0.08836774528026581, 0.08341273665428162, 0.06340955942869186, 0.17991983890533447, 0.3999248445034027, 0.7463216781616211, 0.9986023306846619]",cuda
0c4476d18db50bc4c12f61f5e2bfbcb5920d34ed1adbe0335616c1576bdb9146,gradcam,mean,deletion,0.8789643645286561,0,"[0.0, 0.1, 0.2, 0.30000000000000004, 0.4, 0.5, 0.6000000000000001, 0.7000000000000001, 0.8, 0.9, 1.0]","[0.9986555576324463, 0.9999626874923706, 0.9999052286148071, 0.9999122619628906, 0.9978346228599548, 0.9911028146743774, 0.7812507748603821, 0.6127633452415466, 0.8022083640098572, 0.6345633864402771, 0.9416247606277466]",cuda
0c4476d18db50bc4c12f61f5e2bfbcb5920d34ed1adbe0335616c1576bdb9146,gradcam,mean,insertion,0.9909336686134339,0,"[0.0, 0.1, 0.2, 0.30000000000000004, 0.4, 0.5, 0.6000000000000001, 0.7000000000000001, 0.8, 0.9, 1.0]","[0.9416247606277466, 0.9939025640487671, 0.9644297361373901, 0.9921718835830688, 0.9972299933433533, 0.9937800765037537, 0.9979575872421265, 0.9998477697372437, 0.9999455213546753, 0.9999314546585083, 0.9986555576324463]",cuda
0c4476d18db50bc4c12f61f5e2bfbcb5920d34ed1adbe0335616c1576bdb9146,gradcam,blur,deletion,0.9193881690502167,0,"[0.0, 0.1, 0.2, 0.30000000000000004, 0.4, 0.5, 0.6000000000000001, 0.7000000000000001, 0.8, 0.9, 1.0]","[0.9986555576324463, 0.9992870688438416, 0.9978407621383667, 0.997334361076355, 0.9832484722137451, 0.9894618391990662, 0.986416220664978, 0.8874252438545227, 0.8658472895622253, 0.945034384727478, 0.08531656116247177]",cuda
0c4476d18db50bc4c12f61f5e2bfbcb5920d34ed1adbe0335616c1576bdb9146,gradcam,blur,insertion,0.9538028299808502,0,"[0.0, 0.1, 0.2, 0.30000000000000004, 0.4, 0.5, 0.6000000000000001, 0.7000000000000001, 0.8, 0.9, 1.0]","[0.08531656116247177, 0.9972246885299683, 0.9998890161514282, 0.9999223947525024, 0.9999115467071533, 0.9998739957809448, 0.9999500513076782, 0.999962568283081, 0.9999269247055054, 0.9993810653686523, 0.9986555576324463]",cuda
0c4476d18db50bc4c12f61f5e2bfbcb5920d34ed1adbe0335616c1576bdb9146,integrated_gradients,mean,deletion,0.9648738026618958,0,"[0.0, 0.1, 0.2, 0.30000000000000004, 0.4, 0.5, 0.6000000000000001, 0.7000000000000001, 0.8, 0.9, 1.0]","[0.9986555576324463, 0.9999451637268066, 0.9999833106994629, 0.9989801049232483, 0.8248515129089355, 0.9980342984199524, 0.9971164464950562, 0.9578794240951538, 0.9191457033157349, 0.9826619625091553, 0.9416247606277466]",cuda
0c4476d18db50bc4c12f61f5e2bfbcb5920d34ed1adbe0335616c1576bdb9146,integrated_gradients,mean,insertion,0.9531856775283812,0,"[0.0, 0.1, 0.2, 0.30000000000000004, 0.4, 0.5, 0.6000000000000001, 0.7000000000000001, 0.8, 0.9, 1.0]","[0.9416247606277466, 0.8322086334228516, 0.9012863039970398, 0.9066060185432434, 0.9525412917137146, 0.9969584941864014, 0.9877530336380005, 0.9852806925773621, 0.999569833278656, 0.9995123147964478, 0.9986555576324463]",cuda
0c4476d18db50bc4c12f61f5e2bfbcb5920d34ed1adbe0335616c1576bdb9146,integrated_gradients,blur,deletion,0.8703939616680145,0,"[0.0, 0.1, 0.2, 0.30000000000000004, 0.4, 0.5, 0.6000000000000001, 0.7000000000000001, 0.8, 0.9, 1.0]","[0.9986555576324463, 0.999862551689148, 0.9998247027397156, 0.9998993873596191, 0.9997517466545105, 0.9944034814834595, 0.9218565821647644, 0.6039455533027649, 0.9264777898788452, 0.71593177318573, 0.08531656116247177]",cuda
0c4476d18db50bc4c12f61f5e2bfbcb5920d34ed1adbe0335616c1576bdb9146,integrated_gradients,blur,insertion,0.8774608045816422,0,"[0.0, 0.1, 0.2, 0.30000000000000004, 0.4, 0.5, 0.6000000000000001, 0.7000000000000001, 0.8, 0.9, 1.0]","[0.08531656116247177, 0.25871017575263977, 0.9802037477493286, 0.998263418674469, 0.9999234676361084, 0.9997912049293518, 0.9987906813621521, 0.9995829463005066, 0.9984367489814758, 0.9989196062088013, 0.9986555576324463]",cuda
0c8d67b8edb73267c54053094cd90e7f121e4a38c5a56583ff801fbb036a4b7e,gradcam,mean,deletion,0.4869691060623154,0,"[0.0, 0.1, 0.2, 0.30000000000000004, 0.4, 0.5, 0.6000000000000001, 0.7000000000000001, 0.8, 0.9, 1.0]","[1.0, 0.9999866485595703, 0.9932004809379578, 0.9663704037666321, 0.5478307604789734, 0.5770388245582581, 0.09848812222480774, 0.17689712345600128, 0.0046124327927827835, 6.35944115856546e-06, 0.010519706644117832]",cuda
0c8d67b8edb73267c54053094cd90e7f121e4a38c5a56583ff801fbb036a4b7e,gradcam,mean,insertion,0.8355851531028746,0,"[0.0, 0.1, 0.2, 0.30000000000000004, 0.4, 0.5, 0.6000000000000001, 0.7000000000000001, 0.8, 0.9, 1.0]","[0.010519706644117832, 0.6005013585090637, 0.77989262342453, 0.6637454628944397, 0.8091915249824524, 0.9985504746437073, 0.9987518787384033, 0.9999998807907104, 0.999958872795105, 0.9999996423721313, 1.0]",cuda
0c8d67b8edb73267c54053094cd90e7f121e4a38c5a56583ff801fbb036a4b7e,gradcam,blur,deletion,0.9236454784870146,0,"[0.0, 0.1, 0.2, 0.30000000000000004, 0.4, 0.5, 0.6000000000000001, 0.7000000000000001, 0.8, 0.9, 1.0]","[1.0, 0.9999972581863403, 0.9998935461044312, 0.9982972741127014, 0.9841011166572571, 0.9604015350341797, 0.7194221019744873, 0.839141845703125, 0.9757083058357239, 0.8796349763870239, 0.7597136497497559]",cuda
0c8d67b8edb73267c54053094cd90e7f121e4a38c5a56583ff801fbb036a4b7e,gradcam,blur,insertion,0.987985348701477,0,"[0.0, 0.1, 0.2, 0.30000000000000004, 0.4, 0.5, 0.6000000000000001, 0.7000000000000001, 0.8, 0.9, 1.0]","[0.7597136497497559, 0.9999966621398926, 1.0, 1.0, 1.0, 1.0, 1.0, 1.0, 1.0, 1.0, 1.0]",cuda
0c8d67b8edb73267c54053094cd90e7f121e4a38c5a56583ff801fbb036a4b7e,integrated_gradients,mean,deletion,0.6582941949367523,0,"[0.0, 0.1, 0.2, 0.30000000000000004, 0.4, 0.5, 0.6000000000000001, 0.7000000000000001, 0.8, 0.9, 1.0]","[1.0, 0.9999986886978149, 0.9748417735099792, 0.8447571396827698, 0.9224609732627869, 0.9824121594429016, 0.5761005878448486, 0.20238110423088074, 0.049092087894678116, 0.5256376266479492, 0.010519706644117832]",cuda
0c8d67b8edb73267c54053094cd90e7f121e4a38c5a56583ff801fbb036a4b7e,integrated_gradients,mean,insertion,0.4664898708462714,0,"[0.0, 0.1, 0.2, 0.30000000000000004, 0.4, 0.5, 0.6000000000000001, 0.7000000000000001, 0.8, 0.9, 1.0]","[0.010519706644117832, 0.09678079932928085, 0.029900021851062775, 0.11834056675434113, 0.01697411946952343, 0.26238659024238586, 0.7385674715042114, 0.9058969020843506, 0.9907926321029663, 0.9999997615814209, 1.0]",cuda
0c8d67b8edb73267c54053094cd90e7f121e4a38c5a56583ff801fbb036a4b7e,integrated_gradients,blur,deletion,0.9850235223770141,0,"[0.0, 0.1, 0.2, 0.30000000000000004, 0.4, 0.5, 0.6000000000000001, 0.7000000000000001, 0.8, 0.9, 1.0]","[1.0, 1.0, 1.0, 0.9999998807907104, 0.9999991655349731, 0.9999853372573853, 0.9999858140945435, 0.9994637370109558, 0.998742401599884, 0.9722021222114563, 0.7597136497497559]",cuda
0c8d67b8edb73267c54053094cd90e7f121e4a38c5a56583ff801fbb036a4b7e,integrated_gradients,blur,insertion,0.9460278928279877,0,"[0.0, 0.1, 0.2, 0.30000000000000004, 0.4, 0.5, 0.6000000000000001, 0.7000000000000001, 0.8, 0.9, 1.0]","[0.7597136497497559, 0.7091455459594727, 0.8733658194541931, 0.9979800581932068, 0.9999315738677979, 0.9999996423721313, 0.9999994039535522, 1.0, 1.0, 1.0, 1.0]",cuda
0c8fb88c9b0a1ce7d7f9ca8a16030c45079a86ce28fafb42b857d7cd8d0aaf00,gradcam,mean,deletion,0.6701244622468948,0,"[0.0, 0.1, 0.2, 0.30000000000000004, 0.4, 0.5, 0.6000000000000001, 0.7000000000000001, 0.8, 0.9, 1.0]","[0.9999724626541138, 0.99048912525177, 0.8402345776557922, 0.8299137353897095, 0.6544888019561768, 0.8894133567810059, 0.22904199361801147, 0.08843906223773956, 0.460180401802063, 0.7406579256057739, 0.9567986726760864]",cuda
0c8fb88c9b0a1ce7d7f9ca8a16030c45079a86ce28fafb42b857d7cd8d0aaf00,gradcam,mean,insertion,0.8424004286527634,0,"[0.0, 0.1, 0.2, 0.30000000000000004, 0.4, 0.5, 0.6000000000000001, 0.7000000000000001, 0.8, 0.9, 1.0]","[0.9567986726760864, 0.289685994386673, 0.40993598103523254, 0.7757443189620972, 0.9732662439346313, 0.9990678429603577, 0.9992116689682007, 0.9990535378456116, 0.9997836947441101, 0.9998693466186523, 0.9999724626541138]",cuda
0c8fb88c9b0a1ce7d7f9ca8a16030c45079a86ce28fafb42b857d7cd8d0aaf00,gradcam,blur,deletion,0.8611683845520018,0,"[0.0, 0.1, 0.2, 0.30000000000000004, 0.4, 0.5, 0.6000000000000001, 0.7000000000000001, 0.8, 0.9, 1.0]","[0.9999724626541138, 0.9998936653137207, 0.9990116357803345, 0.9990246295928955, 0.9980210065841675, 0.9901508092880249, 0.9328371286392212, 0.5009758472442627, 0.5459033250808716, 0.9486190676689148, 0.394521027803421]",cuda
0c8fb88c9b0a1ce7d7f9ca8a16030c45079a86ce28fafb42b857d7cd8d0aaf00,gradcam,blur,insertion,0.9694215774536132,0,"[0.0, 0.1, 0.2, 0.30000000000000004, 0.4, 0.5, 0.6000000000000001, 0.7000000000000001, 0.8, 0.9, 1.0]","[0.394521027803421, 0.9998223185539246, 0.9999730587005615, 0.999996542930603, 0.9999957084655762, 0.9999920129776001, 0.9999926090240479, 0.9999322891235352, 0.9998843669891357, 0.9973800778388977, 0.9999724626541138]",cuda
0c8fb88c9b0a1ce7d7f9ca8a16030c45079a86ce28fafb42b857d7cd8d0aaf00,integrated_gradients,mean,deletion,0.7250612363219262,0,"[0.0, 0.1, 0.2, 0.30000000000000004, 0.4, 0.5, 0.6000000000000001, 0.7000000000000001, 0.8, 0.9, 1.0]","[0.9999724626541138, 0.9998138546943665, 0.9872158169746399, 0.8851855993270874, 0.9954190254211426, 0.8862818479537964, 0.3271881937980652, 0.037342097610235214, 0.312243789434433, 0.8415365219116211, 0.9567986726760864]",cuda
0c8fb88c9b0a1ce7d7f9ca8a16030c45079a86ce28fafb42b857d7cd8d0aaf00,integrated_gradients,mean,insertion,0.7287937514483929,0,"[0.0, 0.1, 0.2, 0.30000000000000004, 0.4, 0.5, 0.6000000000000001, 0.7000000000000001, 0.8, 0.9, 1.0]","[0.9567986726760864, 0.5041755437850952, 0.13064254820346832, 0.03093876875936985, 0.6680164933204651, 0.9814248085021973, 0.9959012866020203, 0.9989038705825806, 0.9996082186698914, 0.9999405145645142, 0.9999724626541138]",cuda
0c8fb88c9b0a1ce7d7f9ca8a16030c45079a86ce28fafb42b857d7cd8d0aaf00,integrated_gradients,blur,deletion,0.9674077689647675,0,"[0.0, 0.1, 0.2, 0.30000000000000004, 0.4, 0.5, 0.6000000000000001, 0.7000000000000001, 0.8, 0.9, 1.0]","[0.9999724626541138, 0.9999938011169434, 0.9999971389770508, 0.9999992847442627, 0.999976634979248, 0.9999312162399292, 0.9999169111251831, 0.9998107552528381, 0.9907687306404114, 0.9864364266395569, 0.394521027803421]",cuda
0c8fb88c9b0a1ce7d7f9ca8a16030c45079a86ce28fafb42b857d7cd8d0aaf00,integrated_gradients,blur,insertion,0.9223572194576263,0,"[0.0, 0.1, 0.2, 0.30000000000000004, 0.4, 0.5, 0.6000000000000001, 0.7000000000000001, 0.8, 0.9, 1.0]","[0.394521027803421, 0.5321655869483948, 0.9976462721824646, 0.9965685606002808, 0.999992847442627, 0.9999942779541016, 0.9999864101409912, 0.99998939037323, 0.9999860525131226, 0.9999960660934448, 0.9999724626541138]",cuda
0cab406ce728249a4d9ccd18a9348c1748c4a07aeb6b786b7a7ce12e21d95633,gradcam,mean,deletion,0.9718581557273865,1,"[0.0, 0.1, 0.2, 0.30000000000000004, 0.4, 0.5, 0.6000000000000001, 0.7000000000000001, 0.8, 0.9, 1.0]","[1.0, 0.9998047947883606, 0.9943459630012512, 0.99953293800354, 0.9998476505279541, 0.9988743662834167, 0.9873551726341248, 0.9921647310256958, 0.9435437917709351, 0.8031182885169983, 0.9999877214431763]",cuda
0cab406ce728249a4d9ccd18a9348c1748c4a07aeb6b786b7a7ce12e21d95633,gradcam,mean,insertion,0.9879503130912781,1,"[0.0, 0.1, 0.2, 0.30000000000000004, 0.4, 0.5, 0.6000000000000001, 0.7000000000000001, 0.8, 0.9, 1.0]","[0.9999877214431763, 0.9860630631446838, 0.999637246131897, 0.9329699277877808, 0.976958692073822, 0.9978804588317871, 0.9905588626861572, 0.9977917671203613, 0.9976728558540344, 0.999976396560669, 1.0]",cuda
0cab406ce728249a4d9ccd18a9348c1748c4a07aeb6b786b7a7ce12e21d95633,gradcam,blur,deletion,0.8982290089130401,1,"[0.0, 0.1, 0.2, 0.30000000000000004, 0.4, 0.5, 0.6000000000000001, 0.7000000000000001, 0.8, 0.9, 1.0]","[1.0, 0.9999998807907104, 0.9999949932098389, 0.9999988079071045, 0.9999818801879883, 0.9989578723907471, 0.9992967844009399, 0.986431896686554, 0.3668443262577057, 0.6657034754753113, 0.9301602244377136]",cuda
0cab406ce728249a4d9ccd18a9348c1748c4a07aeb6b786b7a7ce12e21d95633,gradcam,blur,insertion,0.9840149939060211,1,"[0.0, 0.1, 0.2, 0.30000000000000004, 0.4, 0.5, 0.6000000000000001, 0.7000000000000001, 0.8, 0.9, 1.0]","[0.9301602244377136, 0.905149519443512, 0.9769296646118164, 0.9935113787651062, 0.9994856119155884, 0.9999942779541016, 0.9999995231628418, 0.9999998807907104, 1.0, 1.0, 1.0]",cuda
0cab406ce728249a4d9ccd18a9348c1748c4a07aeb6b786b7a7ce12e21d95633,integrated_gradients,mean,deletion,0.9204426229000091,1,"[0.0, 0.1, 0.2, 0.30000000000000004, 0.4, 0.5, 0.6000000000000001, 0.7000000000000001, 0.8, 0.9, 1.0]","[1.0, 0.9992170333862305, 0.9997197985649109, 0.9925625920295715, 0.9481936693191528, 0.760538637638092, 0.9287747144699097, 0.6780125498771667, 0.9073927998542786, 0.9900205135345459, 0.9999877214431763]",cuda
0cab406ce728249a4d9ccd18a9348c1748c4a07aeb6b786b7a7ce12e21d95633,integrated_gradients,mean,insertion,0.8141686201095581,1,"[0.0, 0.1, 0.2, 0.30000000000000004, 0.4, 0.5, 0.6000000000000001, 0.7000000000000001, 0.8, 0.9, 1.0]","[0.9999877214431763, 0.862572193145752, 0.9971596002578735, 0.9753000140190125, 0.8391157388687134, 0.38893038034439087, 0.17500808835029602, 0.9037161469459534, 0.9998903274536133, 0.9999998807907104, 1.0]",cuda
0cab406ce728249a4d9ccd18a9348c1748c4a07aeb6b786b7a7ce12e21d95633,integrated_gradients,blur,deletion,0.9897462964057921,1,"[0.0, 0.1, 0.2, 0.30000000000000004, 0.4, 0.5, 0.6000000000000001, 0.7000000000000001, 0.8, 0.9, 1.0]","[1.0, 1.0, 0.9999825954437256, 0.9994263648986816, 0.9988804459571838, 0.9948920011520386, 0.9852762818336487, 0.997258186340332, 0.9963667392730713, 0.9603002667427063, 0.9301602244377136]",cuda
0cab406ce728249a4d9ccd18a9348c1748c4a07aeb6b786b7a7ce12e21d95633,integrated_gradients,blur,insertion,0.9876457631587982,1,"[0.0, 0.1, 0.2, 0.30000000000000004, 0.4, 0.5, 0.6000000000000001, 0.7000000000000001, 0.8, 0.9, 1.0]","[0.9301602244377136, 0.9578259587287903, 0.9795111417770386, 0.9754319190979004, 0.9993065595626831, 0.9999783039093018, 0.9993267059326172, 0.9999970197677612, 0.9999998807907104, 1.0, 1.0]",cuda
0cf39abcd115923a724a3a0de08e48c5fb4b812025102b188e1a7be89110bc04,gradcam,mean,deletion,0.5521011345088482,1,"[0.0, 0.1, 0.2, 0.30000000000000004, 0.4, 0.5, 0.6000000000000001, 0.7000000000000001, 0.8, 0.9, 1.0]","[0.9993651509284973, 0.9924243688583374, 0.5612570643424988, 0.06320490688085556, 0.046660955995321274, 0.15064772963523865, 0.1361100822687149, 0.7804245352745056, 0.8540900945663452, 0.9365793466567993, 0.9998594522476196]",cuda
0cf39abcd115923a724a3a0de08e48c5fb4b812025102b188e1a7be89110bc04,gradcam,mean,insertion,0.9673631191253662,1,"[0.0, 0.1, 0.2, 0.30000000000000004, 0.4, 0.5, 0.6000000000000001, 0.7000000000000001, 0.8, 0.9, 1.0]","[0.9998594522476196, 0.9210901260375977, 0.989406168460846, 0.9821289777755737, 0.9987014532089233, 0.9967219233512878, 0.9837671518325806, 0.835094690322876, 0.9802513718605042, 0.9868571162223816, 0.9993651509284973]",cuda
0cf39abcd115923a724a3a0de08e48c5fb4b812025102b188e1a7be89110bc04,gradcam,blur,deletion,0.39609925886616115,1,"[0.0, 0.1, 0.2, 0.30000000000000004, 0.4, 0.5, 0.6000000000000001, 0.7000000000000001, 0.8, 0.9, 1.0]","[0.9993651509284973, 0.9368648529052734, 0.9456701874732971, 0.7276975512504578, 0.3854818046092987, 0.02921134978532791, 0.0049647134728729725, 0.013160970993340015, 0.009222458116710186, 0.05365559458732605, 0.7107611894607544]",cuda
0cf39abcd115923a724a3a0de08e48c5fb4b812025102b188e1a7be89110bc04,gradcam,blur,insertion,0.9711935222148895,1,"[0.0, 0.1, 0.2, 0.30000000000000004, 0.4, 0.5, 0.6000000000000001, 0.7000000000000001, 0.8, 0.9, 1.0]","[0.7107611894607544, 0.945266842842102, 0.9907808899879456, 0.9374556541442871, 0.9960365891456604, 0.9991801381111145, 0.9998120665550232, 0.9998083710670471, 0.9988300204277039, 0.989701509475708, 0.9993651509284973]",cuda
0cf39abcd115923a724a3a0de08e48c5fb4b812025102b188e1a7be89110bc04,integrated_gradients,mean,deletion,0.5837668847292661,1,"[0.0, 0.1, 0.2, 0.30000000000000004, 0.4, 0.5, 0.6000000000000001, 0.7000000000000001, 0.8, 0.9, 1.0]","[0.9993651509284973, 0.9985665678977966, 0.42069011926651, 0.44308990240097046, 0.08559051156044006, 0.02329344116151333, 0.08192882686853409, 0.9455642104148865, 0.9169939160346985, 0.9223390221595764, 0.9998594522476196]",cuda
0cf39abcd115923a724a3a0de08e48c5fb4b812025102b188e1a7be89110bc04,integrated_gradients,mean,insertion,0.6390026167035102,1,"[0.0, 0.1, 0.2, 0.30000000000000004, 0.4, 0.5, 0.6000000000000001, 0.7000000000000001, 0.8, 0.9, 1.0]","[0.9998594522476196, 0.9514954090118408, 0.9978234767913818, 0.26651817560195923, 0.9916747212409973, 0.9860091805458069, 0.19675886631011963, 0.09157517552375793, 0.20128187537193298, 0.7072769999504089, 0.9993651509284973]",cuda
0cf39abcd115923a724a3a0de08e48c5fb4b812025102b188e1a7be89110bc04,integrated_gradients,blur,deletion,0.3667097622528672,1,"[0.0, 0.1, 0.2, 0.30000000000000004, 0.4, 0.5, 0.6000000000000001, 0.7000000000000001, 0.8, 0.9, 1.0]","[0.9993651509284973, 0.9824292659759521, 0.9851105213165283, 0.425265908241272, 0.21004249155521393, 0.019540902227163315, 0.006629220210015774, 0.07664269208908081, 0.08066553622484207, 0.025707945227622986, 0.7107611894607544]",cuda
0cf39abcd115923a724a3a0de08e48c5fb4b812025102b188e1a7be89110bc04,integrated_gradients,blur,insertion,0.7850890219211578,1,"[0.0, 0.1, 0.2, 0.30000000000000004, 0.4, 0.5, 0.6000000000000001, 0.7000000000000001, 0.8, 0.9, 1.0]","[0.7107611894607544, 0.5965026021003723, 0.4650408923625946, 0.5640415549278259, 0.9532057642936707, 0.6385579705238342, 0.8156585693359375, 0.998386025428772, 0.9973794221878052, 0.9670543074607849, 0.9993651509284973]",cuda
0d7c14390a5e50cb6347e98fd5a2b8e1bd2fdecbf1246dc9308cada9933445ee,gradcam,mean,deletion,0.659556294977665,0,"[0.0, 0.1, 0.2, 0.30000000000000004, 0.4, 0.5, 0.6000000000000001, 0.7000000000000001, 0.8, 0.9, 1.0]","[0.9999262094497681, 0.9999401569366455, 0.9994801878929138, 0.9771006107330322, 0.926927924156189, 0.7344735860824585, 0.4043191969394684, 0.087775319814682, 0.06657499074935913, 0.6270193457603455, 0.5439769625663757]",cuda
0d7c14390a5e50cb6347e98fd5a2b8e1bd2fdecbf1246dc9308cada9933445ee,gradcam,mean,insertion,0.8913397550582886,0,"[0.0, 0.1, 0.2, 0.30000000000000004, 0.4, 0.5, 0.6000000000000001, 0.7000000000000001, 0.8, 0.9, 1.0]","[0.5439769625663757, 0.9865282773971558, 0.31295686960220337, 0.9244558811187744, 0.9920291900634766, 0.9609116911888123, 0.9711612462997437, 0.9940851926803589, 0.9993476271629333, 0.9999700784683228, 0.9999262094497681]",cuda
0d7c14390a5e50cb6347e98fd5a2b8e1bd2fdecbf1246dc9308cada9933445ee,gradcam,blur,deletion,0.9033747673034669,0,"[0.0, 0.1, 0.2, 0.30000000000000004, 0.4, 0.5, 0.6000000000000001, 0.7000000000000001, 0.8, 0.9, 1.0]","[0.9999262094497681, 0.9776062965393066, 0.9903988838195801, 0.984514594078064, 0.9924482107162476, 0.9564718008041382, 0.95396888256073, 0.870577871799469, 0.7317948341369629, 0.7793639302253723, 0.5932785272598267]",cuda
0d7c14390a5e50cb6347e98fd5a2b8e1bd2fdecbf1246dc9308cada9933445ee,gradcam,blur,insertion,0.9780701458454132,0,"[0.0, 0.1, 0.2, 0.30000000000000004, 0.4, 0.5, 0.6000000000000001, 0.7000000000000001, 0.8, 0.9, 1.0]","[0.5932785272598267, 0.9873436689376831, 0.9974308609962463, 0.9999252557754517, 0.9999731779098511, 0.9999953508377075, 0.9998470544815063, 0.9998348951339722, 0.9997993111610413, 0.9999494552612305, 0.9999262094497681]",cuda
0d7c14390a5e50cb6347e98fd5a2b8e1bd2fdecbf1246dc9308cada9933445ee,integrated_gradients,mean,deletion,0.8474522888660432,0,"[0.0, 0.1, 0.2, 0.30000000000000004, 0.4, 0.5, 0.6000000000000001, 0.7000000000000001, 0.8, 0.9, 1.0]","[0.9999262094497681, 0.9987674951553345, 0.994161069393158, 0.9957209229469299, 0.991548478603363, 0.99468994140625, 0.9366416931152344, 0.8519562482833862, 0.22856955230236053, 0.7105159163475037, 0.5439769625663757]",cuda
0d7c14390a5e50cb6347e98fd5a2b8e1bd2fdecbf1246dc9308cada9933445ee,integrated_gradients,mean,insertion,0.8043969556689262,0,"[0.0, 0.1, 0.2, 0.30000000000000004, 0.4, 0.5, 0.6000000000000001, 0.7000000000000001, 0.8, 0.9, 1.0]","[0.5439769625663757, 0.9458249807357788, 0.030925601720809937, 0.3389132022857666, 0.9667437076568604, 0.994408905506134, 0.9977447986602783, 0.9982025623321533, 0.9992746710777283, 0.9999796152114868, 0.9999262094497681]",cuda
0d7c14390a5e50cb6347e98fd5a2b8e1bd2fdecbf1246dc9308cada9933445ee,integrated_gradients,blur,deletion,0.9697474420070648,0,"[0.0, 0.1, 0.2, 0.30000000000000004, 0.4, 0.5, 0.6000000000000001, 0.7000000000000001, 0.8, 0.9, 1.0]","[0.9999262094497681, 0.9976262450218201, 0.9993014335632324, 0.9987163543701172, 0.9940683841705322, 0.9991518259048462, 0.9996098875999451, 0.9996591806411743, 0.9676539897918701, 0.945084810256958, 0.5932785272598267]",cuda
0d7c14390a5e50cb6347e98fd5a2b8e1bd2fdecbf1246dc9308cada9933445ee,integrated_gradients,blur,insertion,0.8349909573793413,0,"[0.0, 0.1, 0.2, 0.30000000000000004, 0.4, 0.5, 0.6000000000000001, 0.7000000000000001, 0.8, 0.9, 1.0]","[0.5932785272598267, 0.1750541478395462, 0.7958819270133972, 0.7307548522949219, 0.9781956672668457, 0.9429796934127808, 0.9304940700531006, 0.9999697208404541, 0.9999850988388062, 0.9999920129776001, 0.9999262094497681]",cuda
0dd086210997a7b0325e6272e0e7feadf316fb78b7f88e9d960e3441a051aa3e,gradcam,mean,deletion,0.6660392880439758,1,"[0.0, 0.1, 0.2, 0.30000000000000004, 0.4, 0.5, 0.6000000000000001, 0.7000000000000001, 0.8, 0.9, 1.0]","[1.0, 0.9999768733978271, 0.46297746896743774, 0.3486550748348236, 0.3539987802505493, 0.8086302280426025, 0.9595973491668701, 0.9964287877082825, 0.6286730170249939, 0.45001697540283203, 0.30287671089172363]",cuda
0dd086210997a7b0325e6272e0e7feadf316fb78b7f88e9d960e3441a051aa3e,gradcam,mean,insertion,0.9512965679168702,1,"[0.0, 0.1, 0.2, 0.30000000000000004, 0.4, 0.5, 0.6000000000000001, 0.7000000000000001, 0.8, 0.9, 1.0]","[0.30287671089172363, 0.9877968430519104, 0.9998964071273804, 0.9664168953895569, 0.9196274280548096, 0.9931766986846924, 0.9947077035903931, 0.9999871253967285, 0.9999182224273682, 1.0, 1.0]",cuda
0dd086210997a7b0325e6272e0e7feadf316fb78b7f88e9d960e3441a051aa3e,gradcam,blur,deletion,0.8790494561195374,1,"[0.0, 0.1, 0.2, 0.30000000000000004, 0.4, 0.5, 0.6000000000000001, 0.7000000000000001, 0.8, 0.9, 1.0]","[1.0, 1.0, 0.9999988079071045, 0.999987006187439, 0.9986323714256287, 0.9640408158302307, 0.5956723093986511, 0.8569589853286743, 0.6990785002708435, 0.8206233382225037, 0.7110050916671753]",cuda
0dd086210997a7b0325e6272e0e7feadf316fb78b7f88e9d960e3441a051aa3e,gradcam,blur,insertion,0.9031590938568115,1,"[0.0, 0.1, 0.2, 0.30000000000000004, 0.4, 0.5, 0.6000000000000001, 0.7000000000000001, 0.8, 0.9, 1.0]","[0.7110050916671753, 0.7607458829879761, 0.663418710231781, 0.8594157695770264, 0.9032281637191772, 0.9896275997161865, 0.9996628761291504, 0.9999897480010986, 0.9999996423721313, 1.0, 1.0]",cuda
0dd086210997a7b0325e6272e0e7feadf316fb78b7f88e9d960e3441a051aa3e,integrated_gradients,mean,deletion,0.7024996012449265,1,"[0.0, 0.1, 0.2, 0.30000000000000004, 0.4, 0.5, 0.6000000000000001, 0.7000000000000001, 0.8, 0.9, 1.0]","[1.0, 0.9982168078422546, 0.9985377788543701, 0.9945259690284729, 0.9906851649284363, 0.9779611229896545, 0.6780211329460144, 0.07977588474750519, 0.3935508728027344, 0.2622829079627991, 0.30287671089172363]",cuda
0dd086210997a7b0325e6272e0e7feadf316fb78b7f88e9d960e3441a051aa3e,integrated_gradients,mean,insertion,0.9514911413192749,1,"[0.0, 0.1, 0.2, 0.30000000000000004, 0.4, 0.5, 0.6000000000000001, 0.7000000000000001, 0.8, 0.9, 1.0]","[0.30287671089172363, 0.9806890487670898, 0.9982224106788635, 0.960833728313446, 0.9254118800163269, 0.9997771382331848, 0.9985559582710266, 0.999983549118042, 0.9999994039535522, 1.0, 1.0]",cuda
0dd086210997a7b0325e6272e0e7feadf316fb78b7f88e9d960e3441a051aa3e,integrated_gradients,blur,deletion,0.9287146449089051,1,"[0.0, 0.1, 0.2, 0.30000000000000004, 0.4, 0.5, 0.6000000000000001, 0.7000000000000001, 0.8, 0.9, 1.0]","[1.0, 1.0, 0.9999997615814209, 0.9999127388000488, 0.9949426054954529, 0.9630262851715088, 0.9536863565444946, 0.9742487668991089, 0.7662878036499023, 0.7795395255088806, 0.7110050916671753]",cuda
0dd086210997a7b0325e6272e0e7feadf316fb78b7f88e9d960e3441a051aa3e,integrated_gradients,blur,insertion,0.9476506292819977,1,"[0.0, 0.1, 0.2, 0.30000000000000004, 0.4, 0.5, 0.6000000000000001, 0.7000000000000001, 0.8, 0.9, 1.0]","[0.7110050916671753, 0.9190821647644043, 0.818413257598877, 0.9280651211738586, 0.9585256576538086, 0.9972917437553406, 0.9996316432952881, 0.9999953508377075, 0.9999991655349731, 0.9999996423721313, 1.0]",cuda
0e05b8054c9f7e96e1b106bdf131f90fac1b7443a570348766014f90bc7798b2,gradcam,mean,deletion,0.3987459849566221,0,"[0.0, 0.1, 0.2, 0.30000000000000004, 0.4, 0.5, 0.6000000000000001, 0.7000000000000001, 0.8, 0.9, 1.0]","[0.9992364645004272, 0.977319061756134, 0.9980508089065552, 0.9925630688667297, 0.3381780982017517, 0.05821817368268967, 0.03444259986281395, 0.0006622775690630078, 0.0020012902095913887, 0.08640220016241074, 7.893439942563418e-06]",cuda
0e05b8054c9f7e96e1b106bdf131f90fac1b7443a570348766014f90bc7798b2,gradcam,mean,insertion,0.6658065266907215,0,"[0.0, 0.1, 0.2, 0.30000000000000004, 0.4, 0.5, 0.6000000000000001, 0.7000000000000001, 0.8, 0.9, 1.0]","[7.893439942563418e-06, 0.08621751517057419, 0.3834080696105957, 0.1285097301006317, 0.9886128306388855, 0.9925049543380737, 0.997645914554596, 0.9003269076347351, 0.6829319000244141, 0.9982852339744568, 0.9992364645004272]",cuda
0e05b8054c9f7e96e1b106bdf131f90fac1b7443a570348766014f90bc7798b2,gradcam,blur,deletion,0.9520202159881592,0,"[0.0, 0.1, 0.2, 0.30000000000000004, 0.4, 0.5, 0.6000000000000001, 0.7000000000000001, 0.8, 0.9, 1.0]","[0.9992364645004272, 0.9987322688102722, 0.9993212223052979, 0.9958646297454834, 0.9982637763023376, 0.9877931475639343, 0.9924715757369995, 0.9208618998527527, 0.8346909284591675, 0.8686537146568298, 0.8478617072105408]",cuda
0e05b8054c9f7e96e1b106bdf131f90fac1b7443a570348766014f90bc7798b2,gradcam,blur,insertion,0.988094139099121,0,"[0.0, 0.1, 0.2, 0.30000000000000004, 0.4, 0.5, 0.6000000000000001, 0.7000000000000001, 0.8, 0.9, 1.0]","[0.8478617072105408, 0.9589947462081909, 0.9991785883903503, 0.999955415725708, 0.9999775886535645, 0.9999788999557495, 0.9999490976333618, 0.9999556541442871, 0.9999597072601318, 0.9994426369667053, 0.9992364645004272]",cuda
0e05b8054c9f7e96e1b106bdf131f90fac1b7443a570348766014f90bc7798b2,integrated_gradients,mean,deletion,0.7388652358204126,0,"[0.0, 0.1, 0.2, 0.30000000000000004, 0.4, 0.5, 0.6000000000000001, 0.7000000000000001, 0.8, 0.9, 1.0]","[0.9992364645004272, 0.9457893967628479, 0.9555048942565918, 0.988714873790741, 0.9955205917358398, 0.9927406907081604, 0.5793018937110901, 0.6413974761962891, 0.7053452134132385, 0.08471517264842987, 7.893439942563418e-06]",cuda
0e05b8054c9f7e96e1b106bdf131f90fac1b7443a570348766014f90bc7798b2,integrated_gradients,mean,insertion,0.5005645272321998,0,"[0.0, 0.1, 0.2, 0.30000000000000004, 0.4, 0.5, 0.6000000000000001, 0.7000000000000001, 0.8, 0.9, 1.0]","[7.893439942563418e-06, 0.02616717852652073, 0.006660574581474066, 0.037467800080776215, 0.1987013816833496, 0.33816567063331604, 0.9970422387123108, 0.9389200806617737, 0.982008695602417, 0.9808894991874695, 0.9992364645004272]",cuda
0e05b8054c9f7e96e1b106bdf131f90fac1b7443a570348766014f90bc7798b2,integrated_gradients,blur,deletion,0.9900507271289826,0,"[0.0, 0.1, 0.2, 0.30000000000000004, 0.4, 0.5, 0.6000000000000001, 0.7000000000000001, 0.8, 0.9, 1.0]","[0.9992364645004272, 0.9984215497970581, 0.998426079750061, 0.9999622106552124, 0.9982782602310181, 0.9997819066047668, 0.9998800754547119, 0.995373547077179, 0.9954620003700256, 0.9913725852966309, 0.8478617072105408]",cuda
0e05b8054c9f7e96e1b106bdf131f90fac1b7443a570348766014f90bc7798b2,integrated_gradients,blur,insertion,0.9062824189662932,0,"[0.0, 0.1, 0.2, 0.30000000000000004, 0.4, 0.5, 0.6000000000000001, 0.7000000000000001, 0.8, 0.9, 1.0]","[0.8478617072105408, 0.40112268924713135, 0.7854830026626587, 0.9626949429512024, 0.996932864189148, 0.9968691468238831, 0.9993581175804138, 0.9981533885002136, 0.9997918009757996, 0.9988691210746765, 0.9992364645004272]",cuda
0e8bbc25e779bc363cb50f75fb547b431b7731475540366cabb993b8874d7bb5,gradcam,mean,deletion,0.8116395771503448,1,"[0.0, 0.1, 0.2, 0.30000000000000004, 0.4, 0.5, 0.6000000000000001, 0.7000000000000001, 0.8, 0.9, 1.0]","[0.8483965992927551, 0.42855769395828247, 0.7398915886878967, 0.741470217704773, 0.921358585357666, 0.9131712913513184, 0.9647090435028076, 0.9865415096282959, 0.9971871972084045, 0.9867329001426697, 0.02515488490462303]",cuda
0e8bbc25e779bc363cb50f75fb547b431b7731475540366cabb993b8874d7bb5,gradcam,mean,insertion,0.8294680893421172,1,"[0.0, 0.1, 0.2, 0.30000000000000004, 0.4, 0.5, 0.6000000000000001, 0.7000000000000001, 0.8, 0.9, 1.0]","[0.02515488490462303, 0.931488573551178, 0.9528234601020813, 0.9362194538116455, 0.9056169986724854, 0.9500733613967896, 0.8900057673454285, 0.7722496390342712, 0.8170779943466187, 0.7023499608039856, 0.8483965992927551]",cuda
0e8bbc25e779bc363cb50f75fb547b431b7731475540366cabb993b8874d7bb5,gradcam,blur,deletion,0.7922545731067656,1,"[0.0, 0.1, 0.2, 0.30000000000000004, 0.4, 0.5, 0.6000000000000001, 0.7000000000000001, 0.8, 0.9, 1.0]","[0.8483965992927551, 0.4159633219242096, 0.538918137550354, 0.6919102668762207, 0.9321873188018799, 0.8795251250267029, 0.9457613229751587, 0.9557546377182007, 0.8681800365447998, 0.8658412098884583, 0.8086121678352356]",cuda
0e8bbc25e779bc363cb50f75fb547b431b7731475540366cabb993b8874d7bb5,gradcam,blur,insertion,0.5362530063837767,1,"[0.0, 0.1, 0.2, 0.30000000000000004, 0.4, 0.5, 0.6000000000000001, 0.7000000000000001, 0.8, 0.9, 1.0]","[0.8086121678352356, 0.11562529951334, 0.020071132108569145, 0.06883635371923447, 0.26620134711265564, 0.6340383291244507, 0.8728970885276794, 0.8392136693000793, 0.8545637726783752, 0.8625786900520325, 0.8483965992927551]",cuda
0e8bbc25e779bc363cb50f75fb547b431b7731475540366cabb993b8874d7bb5,integrated_gradients,mean,deletion,0.7860508263111115,1,"[0.0, 0.1, 0.2, 0.30000000000000004, 0.4, 0.5, 0.6000000000000001, 0.7000000000000001, 0.8, 0.9, 1.0]","[0.8483965992927551, 0.3948677182197571, 0.7073965072631836, 0.8603072166442871, 0.9501753449440002, 0.9440649151802063, 0.9305670857429504, 0.9198470711708069, 0.8112403154373169, 0.9052663445472717, 0.02515488490462303]",cuda
0e8bbc25e779bc363cb50f75fb547b431b7731475540366cabb993b8874d7bb5,integrated_gradients,mean,insertion,0.7442541748285294,1,"[0.0, 0.1, 0.2, 0.30000000000000004, 0.4, 0.5, 0.6000000000000001, 0.7000000000000001, 0.8, 0.9, 1.0]","[0.02515488490462303, 0.8616517186164856, 0.9869735240936279, 0.9975255131721497, 0.9556513428688049, 0.9417092204093933, 0.8142932653427124, 0.6461818218231201, 0.4355049133300781, 0.36627477407455444, 0.8483965992927551]",cuda
0e8bbc25e779bc363cb50f75fb547b431b7731475540366cabb993b8874d7bb5,integrated_gradients,blur,deletion,0.46035676896572114,1,"[0.0, 0.1, 0.2, 0.30000000000000004, 0.4, 0.5, 0.6000000000000001, 0.7000000000000001, 0.8, 0.9, 1.0]","[0.8483965992927551, 0.3748920261859894, 0.3533150255680084, 0.12828584015369415, 0.4859622120857239, 0.3923838138580322, 0.5219737887382507, 0.4049535095691681, 0.4169563055038452, 0.696340799331665, 0.8086121678352356]",cuda
0e8bbc25e779bc363cb50f75fb547b431b7731475540366cabb993b8874d7bb5,integrated_gradients,blur,insertion,0.7123366355895997,1,"[0.0, 0.1, 0.2, 0.30000000000000004, 0.4, 0.5, 0.6000000000000001, 0.7000000000000001, 0.8, 0.9, 1.0]","[0.8086121678352356, 0.7614902257919312, 0.9739302396774292, 0.8088796734809875, 0.9287956953048706, 0.8540605306625366, 0.5415573120117188, 0.5267152190208435, 0.4047130048274994, 0.4947199821472168, 0.8483965992927551]",cuda
0ea553ae0b8661c1bd5ec0522f28fb9cff3a802d7e40487ce7b252fae13fa95a,gradcam,mean,deletion,0.6019297242164612,1,"[0.0, 0.1, 0.2, 0.30000000000000004, 0.4, 0.5, 0.6000000000000001, 0.7000000000000001, 0.8, 0.9, 1.0]","[0.9692277312278748, 0.7012447118759155, 0.4544684588909149, 0.19851471483707428, 0.020714499056339264, 0.2838079035282135, 0.6815606355667114, 0.8908762335777283, 0.879684329032898, 0.9238119721412659, 0.9999998807907104]",cuda
0ea553ae0b8661c1bd5ec0522f28fb9cff3a802d7e40487ce7b252fae13fa95a,gradcam,mean,insertion,0.5698530003428459,1,"[0.0, 0.1, 0.2, 0.30000000000000004, 0.4, 0.5, 0.6000000000000001, 0.7000000000000001, 0.8, 0.9, 1.0]","[0.9999998807907104, 0.9996490478515625, 0.9549192190170288, 0.15856865048408508, 0.4098034203052521, 0.8250862956047058, 0.2852325141429901, 0.09878211468458176, 0.891686737537384, 0.09018819034099579, 0.9692277312278748]",cuda
0ea553ae0b8661c1bd5ec0522f28fb9cff3a802d7e40487ce7b252fae13fa95a,gradcam,blur,deletion,0.19884894229471684,1,"[0.0, 0.1, 0.2, 0.30000000000000004, 0.4, 0.5, 0.6000000000000001, 0.7000000000000001, 0.8, 0.9, 1.0]","[0.9692277312278748, 0.016643526032567024, 0.005586337298154831, 0.012703065760433674, 0.002192691434174776, 0.037375081330537796, 0.5870132446289062, 0.16964216530323029, 0.044129397720098495, 0.3455403447151184, 0.5660994052886963]",cuda
0ea553ae0b8661c1bd5ec0522f28fb9cff3a802d7e40487ce7b252fae13fa95a,gradcam,blur,insertion,0.5865492284297943,1,"[0.0, 0.1, 0.2, 0.30000000000000004, 0.4, 0.5, 0.6000000000000001, 0.7000000000000001, 0.8, 0.9, 1.0]","[0.5660994052886963, 0.5208991765975952, 0.37014079093933105, 0.17836983501911163, 0.6321803331375122, 0.7777940034866333, 0.8198009133338928, 0.6468310356140137, 0.3137023448944092, 0.8381103277206421, 0.9692277312278748]",cuda
0ea553ae0b8661c1bd5ec0522f28fb9cff3a802d7e40487ce7b252fae13fa95a,integrated_gradients,mean,deletion,0.5018364168703556,1,"[0.0, 0.1, 0.2, 0.30000000000000004, 0.4, 0.5, 0.6000000000000001, 0.7000000000000001, 0.8, 0.9, 1.0]","[0.9692277312278748, 0.7724729180335999, 0.09963210672140121, 0.09223843365907669, 0.14400649070739746, 0.020448965951800346, 0.6764265298843384, 0.40449246764183044, 0.8315895199775696, 0.9924429059028625, 0.9999998807907104]",cuda
0ea553ae0b8661c1bd5ec0522f28fb9cff3a802d7e40487ce7b252fae13fa95a,integrated_gradients,mean,insertion,0.7173184931278229,1,"[0.0, 0.1, 0.2, 0.30000000000000004, 0.4, 0.5, 0.6000000000000001, 0.7000000000000001, 0.8, 0.9, 1.0]","[0.9999998807907104, 0.9995537400245667, 0.9912221431732178, 0.2999202609062195, 0.9386858940124512, 0.9042208790779114, 0.5414478778839111, 0.7204504013061523, 0.3468790352344513, 0.44619089365005493, 0.9692277312278748]",cuda
0ea553ae0b8661c1bd5ec0522f28fb9cff3a802d7e40487ce7b252fae13fa95a,integrated_gradients,blur,deletion,0.12187684155069292,1,"[0.0, 0.1, 0.2, 0.30000000000000004, 0.4, 0.5, 0.6000000000000001, 0.7000000000000001, 0.8, 0.9, 1.0]","[0.9692277312278748, 0.11363193392753601, 0.030289022251963615, 0.0005216071731410921, 0.009632142260670662, 0.011253084056079388, 0.1877717226743698, 0.009737152606248856, 0.010186816565692425, 0.0780813917517662, 0.5660994052886963]",cuda
0ea553ae0b8661c1bd5ec0522f28fb9cff3a802d7e40487ce7b252fae13fa95a,integrated_gradients,blur,insertion,0.41695745512843135,1,"[0.0, 0.1, 0.2, 0.30000000000000004, 0.4, 0.5, 0.6000000000000001, 0.7000000000000001, 0.8, 0.9, 1.0]","[0.5660994052886963, 0.4923311173915863, 0.12103284150362015, 0.31204870343208313, 0.3981296718120575, 0.8693062663078308, 0.04652642086148262, 0.08778374642133713, 0.14483551681041718, 0.9299167394638062, 0.9692277312278748]",cuda
0f62d44e11327d698c2b29461f28fdddfd4073ba7c1475ccc288ecd1d1744733,gradcam,mean,deletion,0.20539312139153482,0,"[0.0, 0.1, 0.2, 0.30000000000000004, 0.4, 0.5, 0.6000000000000001, 0.7000000000000001, 0.8, 0.9, 1.0]","[0.9982960820198059, 0.24167633056640625, 0.06578533351421356, 0.8920124173164368, 0.09221620857715607, 0.030818091705441475, 0.03912392258644104, 0.05704966560006142, 0.08062494546175003, 0.05544624850153923, 6.0071419284213334e-05]",cuda
0f62d44e11327d698c2b29461f28fdddfd4073ba7c1475ccc288ecd1d1744733,gradcam,mean,insertion,0.8608700096607209,0,"[0.0, 0.1, 0.2, 0.30000000000000004, 0.4, 0.5, 0.6000000000000001, 0.7000000000000001, 0.8, 0.9, 1.0]","[6.0071419284213334e-05, 0.6952338218688965, 0.7074692249298096, 0.9466305375099182, 0.9947185516357422, 0.9983046054840088, 0.9902676939964294, 0.9346234202384949, 0.8731808066368103, 0.969093382358551, 0.9982960820198059]",cuda
0f62d44e11327d698c2b29461f28fdddfd4073ba7c1475ccc288ecd1d1744733,gradcam,blur,deletion,0.16276703253388405,0,"[0.0, 0.1, 0.2, 0.30000000000000004, 0.4, 0.5, 0.6000000000000001, 0.7000000000000001, 0.8, 0.9, 1.0]","[0.9982960820198059, 0.33834680914878845, 0.27358415722846985, 0.02214175835251808, 0.041348300874233246, 0.023354023694992065, 0.022331232205033302, 0.03345198184251785, 0.042867593467235565, 0.23872384428977966, 0.184745192527771]",cuda
0f62d44e11327d698c2b29461f28fdddfd4073ba7c1475ccc288ecd1d1744733,gradcam,blur,insertion,0.9545746803283691,0,"[0.0, 0.1, 0.2, 0.30000000000000004, 0.4, 0.5, 0.6000000000000001, 0.7000000000000001, 0.8, 0.9, 1.0]","[0.184745192527771, 0.9636754393577576, 0.9993839263916016, 0.9993665814399719, 0.9982136487960815, 0.9999279975891113, 0.9998893737792969, 0.9994089603424072, 0.9955862760543823, 0.998773992061615, 0.9982960820198059]",cuda
0f62d44e11327d698c2b29461f28fdddfd4073ba7c1475ccc288ecd1d1744733,integrated_gradients,mean,deletion,0.7407318472862243,0,"[0.0, 0.1, 0.2, 0.30000000000000004, 0.4, 0.5, 0.6000000000000001, 0.7000000000000001, 0.8, 0.9, 1.0]","[0.9982960820198059, 0.9931991696357727, 0.901211678981781, 0.9541230797767639, 0.9922270774841309, 0.9991325736045837, 0.9858731031417847, 0.4513660669326782, 0.21141451597213745, 0.4195931553840637, 6.0071419284213334e-05]",cuda
0f62d44e11327d698c2b29461f28fdddfd4073ba7c1475ccc288ecd1d1744733,integrated_gradients,mean,insertion,0.5187274889089167,0,"[0.0, 0.1, 0.2, 0.30000000000000004, 0.4, 0.5, 0.6000000000000001, 0.7000000000000001, 0.8, 0.9, 1.0]","[6.0071419284213334e-05, 0.025878440588712692, 0.1508251577615738, 0.04515022411942482, 0.02431313320994377, 0.46312108635902405, 0.9987678527832031, 0.9910942912101746, 0.9967750906944275, 0.9921715259552002, 0.9982960820198059]",cuda
0f62d44e11327d698c2b29461f28fdddfd4073ba7c1475ccc288ecd1d1744733,integrated_gradients,blur,deletion,0.9228759706020355,0,"[0.0, 0.1, 0.2, 0.30000000000000004, 0.4, 0.5, 0.6000000000000001, 0.7000000000000001, 0.8, 0.9, 1.0]","[0.9982960820198059, 0.9996132254600525, 0.9999940395355225, 0.9999351501464844, 0.9998701810836792, 0.9829612374305725, 0.8123463988304138, 0.9909611344337463, 0.9715602993965149, 0.8799973130226135, 0.184745192527771]",cuda
0f62d44e11327d698c2b29461f28fdddfd4073ba7c1475ccc288ecd1d1744733,integrated_gradients,blur,insertion,0.6055834159255027,0,"[0.0, 0.1, 0.2, 0.30000000000000004, 0.4, 0.5, 0.6000000000000001, 0.7000000000000001, 0.8, 0.9, 1.0]","[0.184745192527771, 0.5789885520935059, 0.11482144892215729, 0.09236694872379303, 0.8760364651679993, 0.2398769110441208, 0.6688538193702698, 0.8945201635360718, 0.9990010857582092, 0.9998480081558228, 0.9982960820198059]",cuda
0febe47a8c3bcefadfe246163e541b24432836700ff61d49156f911f6ee52256,gradcam,mean,deletion,0.689007917046547,1,"[0.0, 0.1, 0.2, 0.30000000000000004, 0.4, 0.5, 0.6000000000000001, 0.7000000000000001, 0.8, 0.9, 1.0]","[0.9997301697731018, 0.9690427780151367, 0.9217665791511536, 0.5463501811027527, 0.2765701711177826, 0.4632844626903534, 0.6944299936294556, 0.6112633943557739, 0.693085789680481, 0.8278101682662964, 0.7732212543487549]",cuda
0febe47a8c3bcefadfe246163e541b24432836700ff61d49156f911f6ee52256,gradcam,mean,insertion,0.9528642416000366,1,"[0.0, 0.1, 0.2, 0.30000000000000004, 0.4, 0.5, 0.6000000000000001, 0.7000000000000001, 0.8, 0.9, 1.0]","[0.7732212543487549, 0.9805731177330017, 0.7635636925697327, 0.9951217770576477, 0.9978641867637634, 0.9971532821655273, 0.9160119295120239, 0.9955726861953735, 0.9986392855644226, 0.9976667165756226, 0.9997301697731018]",cuda
0febe47a8c3bcefadfe246163e541b24432836700ff61d49156f911f6ee52256,gradcam,blur,deletion,0.42655300861224527,1,"[0.0, 0.1, 0.2, 0.30000000000000004, 0.4, 0.5, 0.6000000000000001, 0.7000000000000001, 0.8, 0.9, 1.0]","[0.9997301697731018, 0.9978272318840027, 0.9428764581680298, 0.5969516634941101, 0.10463977605104446, 0.08578183501958847, 0.027534419670701027, 0.0027554254047572613, 0.03320794180035591, 0.6262776255607605, 0.695625364780426]",cuda
0febe47a8c3bcefadfe246163e541b24432836700ff61d49156f911f6ee52256,gradcam,blur,insertion,0.9699790060520173,1,"[0.0, 0.1, 0.2, 0.30000000000000004, 0.4, 0.5, 0.6000000000000001, 0.7000000000000001, 0.8, 0.9, 1.0]","[0.695625364780426, 0.9055902361869812, 0.9671664834022522, 0.9851641654968262, 0.999841570854187, 0.9997977614402771, 0.999692440032959, 0.995518684387207, 0.999806821346283, 0.9995341300964355, 0.9997301697731018]",cuda
0febe47a8c3bcefadfe246163e541b24432836700ff61d49156f911f6ee52256,integrated_gradients,mean,deletion,0.5779720097780228,1,"[0.0, 0.1, 0.2, 0.30000000000000004, 0.4, 0.5, 0.6000000000000001, 0.7000000000000001, 0.8, 0.9, 1.0]","[0.9997301697731018, 0.9836630821228027, 0.5331602692604065, 0.17364545166492462, 0.18478916585445404, 0.4645047187805176, 0.5259660482406616, 0.9494963884353638, 0.7246012091636658, 0.35341811180114746, 0.7732212543487549]",cuda
0febe47a8c3bcefadfe246163e541b24432836700ff61d49156f911f6ee52256,integrated_gradients,mean,insertion,0.8355675935745238,1,"[0.0, 0.1, 0.2, 0.30000000000000004, 0.4, 0.5, 0.6000000000000001, 0.7000000000000001, 0.8, 0.9, 1.0]","[0.7732212543487549, 0.9997970461845398, 0.9199617505073547, 0.974465548992157, 0.8861035108566284, 0.3337700068950653, 0.7872334718704224, 0.8789931535720825, 0.8929611444473267, 0.7959145307540894, 0.9997301697731018]",cuda
0febe47a8c3bcefadfe246163e541b24432836700ff61d49156f911f6ee52256,integrated_gradients,blur,deletion,0.4561830349266529,1,"[0.0, 0.1, 0.2, 0.30000000000000004, 0.4, 0.5, 0.6000000000000001, 0.7000000000000001, 0.8, 0.9, 1.0]","[0.9997301697731018, 0.9960294961929321, 0.9756407737731934, 0.42680785059928894, 0.1625221073627472, 0.2971367835998535, 0.105243019759655, 0.04237483814358711, 0.28910505771636963, 0.4192925989627838, 0.695625364780426]",cuda
0febe47a8c3bcefadfe246163e541b24432836700ff61d49156f911f6ee52256,integrated_gradients,blur,insertion,0.8886398494243621,1,"[0.0, 0.1, 0.2, 0.30000000000000004, 0.4, 0.5, 0.6000000000000001, 0.7000000000000001, 0.8, 0.9, 1.0]","[0.695625364780426, 0.5840421915054321, 0.9928566217422485, 0.9972665309906006, 0.996767520904541, 0.610002875328064, 0.8903709650039673, 0.9724392294883728, 0.9963459372520447, 0.9986288547515869, 0.9997301697731018]",cuda
